mayhew north america equal area proxy source 1
10.000000 -175.000000 2.000000 2.000000 400.000000 36 66
1 1 1 1
0.1 1.50 -2.0 2.0 0.080
2 1 2.500000000e-01 44.166127 11.034483
0 1 1 0.0 0.0
17.000000 15.000000 -167.931034 -170.000000 0.000000 40.000000

mayhew north america equal area proxy source 2
10.000000 -175.000000 2.000000 2.000000 400.000000 36 66
1 1 1 1
0.1 1.50 -2.0 2.0 0.080
2 1 2.500000000e-01 44.166127 13.103448
0 1 1 0.0 0.0
17.000000 15.000000 -165.862069 -167.931034 0.000000 40.000000

mayhew north america equal area proxy source 3
10.000000 -175.000000 2.000000 2.000000 400.000000 36 66
1 1 1 1
0.1 1.50 -2.0 2.0 0.080
2 1 2.500000000e-01 44.166127 15.172414
0 1 1 0.0 0.0
17.000000 15.000000 -163.793103 -165.862069 0.000000 40.000000

mayhew north america equal area proxy source 4
10.000000 -175.000000 2.000000 2.000000 400.000000 36 66
1 1 1 1
0.1 1.50 -2.0 2.0 0.080
2 1 2.500000000e-01 44.166127 17.241379
0 1 1 0.0 0.0
17.000000 15.000000 -161.724138 -163.793103 0.000000 40.000000

mayhew north america equal area proxy source 5
10.000000 -175.000000 2.000000 2.000000 400.000000 36 66
1 1 1 1
0.1 1.50 -2.0 2.0 0.080
2 1 2.500000000e-01 44.166127 19.310345
0 1 1 0.0 0.0
17.000000 15.000000 -159.655172 -161.724138 0.000000 40.000000

mayhew north america equal area proxy source 6
10.000000 -175.000000 2.000000 2.000000 400.000000 36 66
1 1 1 1
0.1 1.50 -2.0 2.0 0.080
2 1 2.500000000e-01 44.166127 21.379310
0 1 1 0.0 0.0
17.000000 15.000000 -157.586207 -159.655172 0.000000 40.000000

mayhew north america equal area proxy source 7
10.000000 -175.000000 2.000000 2.000000 400.000000 36 66
1 1 1 1
0.1 1.50 -2.0 2.0 0.080
2 1 2.500000000e-01 44.166127 23.448276
0 1 1 0.0 0.0
17.000000 15.000000 -155.517241 -157.586207 0.000000 40.000000

mayhew north america equal area proxy source 8
10.000000 -175.000000 2.000000 2.000000 400.000000 36 66
1 1 1 1
0.1 1.50 -2.0 2.0 0.080
2 1 2.500000000e-01 44.166127 25.517241
0 1 1 0.0 0.0
17.000000 15.000000 -153.448276 -155.517241 0.000000 40.000000

mayhew north america equal area proxy source 9
10.000000 -175.000000 2.000000 2.000000 400.000000 36 66
1 1 1 1
0.1 1.50 -2.0 2.0 0.080
2 1 2.500000000e-01 44.166127 27.586207
0 1 1 0.0 0.0
17.000000 15.000000 -151.379310 -153.448276 0.000000 40.000000

mayhew north america equal area proxy source 10
10.000000 -175.000000 2.000000 2.000000 400.000000 36 66
1 1 1 1
0.1 1.50 -2.0 2.0 0.080
2 1 2.500000000e-01 44.166127 29.655172
0 1 1 0.0 0.0
17.000000 15.000000 -149.310345 -151.379310 0.000000 40.000000

mayhew north america equal area proxy source 11
10.000000 -175.000000 2.000000 2.000000 400.000000 36 66
1 1 1 1
0.1 1.50 -2.0 2.0 0.080
2 1 2.500000000e-01 44.166127 31.724138
0 1 1 0.0 0.0
17.000000 15.000000 -147.241379 -149.310345 0.000000 40.000000

mayhew north america equal area proxy source 12
10.000000 -175.000000 2.000000 2.000000 400.000000 36 66
1 1 1 1
0.1 1.50 -2.0 2.0 0.080
2 1 2.500000000e-01 44.166127 33.793103
0 1 1 0.0 0.0
17.000000 15.000000 -145.172414 -147.241379 0.000000 40.000000

mayhew north america equal area proxy source 13
10.000000 -175.000000 2.000000 2.000000 400.000000 36 66
1 1 1 1
0.1 1.50 -2.0 2.0 0.080
2 1 2.500000000e-01 44.166127 35.862069
0 1 1 0.0 0.0
17.000000 15.000000 -143.103448 -145.172414 0.000000 40.000000

mayhew north america equal area proxy source 14
10.000000 -175.000000 2.000000 2.000000 400.000000 36 66
1 1 1 1
0.1 1.50 -2.0 2.0 0.080
2 1 2.500000000e-01 44.166127 37.931034
0 1 1 0.0 0.0
17.000000 15.000000 -141.034483 -143.103448 0.000000 40.000000

mayhew north america equal area proxy source 15
10.000000 -175.000000 2.000000 2.000000 400.000000 36 66
1 1 1 1
0.1 1.50 -2.0 2.0 0.080
2 1 2.500000000e-01 44.166127 40.000000
0 1 1 0.0 0.0
17.000000 15.000000 -138.965517 -141.034483 0.000000 40.000000

mayhew north america equal area proxy source 16
10.000000 -175.000000 2.000000 2.000000 400.000000 36 66
1 1 1 1
0.1 1.50 -2.0 2.0 0.080
2 1 2.500000000e-01 44.166127 42.068966
0 1 1 0.0 0.0
17.000000 15.000000 -136.896552 -138.965517 0.000000 40.000000

mayhew north america equal area proxy source 17
10.000000 -175.000000 2.000000 2.000000 400.000000 36 66
1 1 1 1
0.1 1.50 -2.0 2.0 0.080
2 1 2.500000000e-01 44.166127 44.137931
0 1 1 0.0 0.0
17.000000 15.000000 -134.827586 -136.896552 0.000000 40.000000

mayhew north america equal area proxy source 18
10.000000 -175.000000 2.000000 2.000000 400.000000 36 66
1 1 1 1
0.1 1.50 -2.0 2.0 0.080
2 1 2.500000000e-01 44.166127 46.206897
0 1 1 0.0 0.0
17.000000 15.000000 -132.758621 -134.827586 0.000000 40.000000

mayhew north america equal area proxy source 19
10.000000 -175.000000 2.000000 2.000000 400.000000 36 66
1 1 1 1
0.1 1.50 -2.0 2.0 0.080
2 1 2.500000000e-01 44.166127 48.275862
0 1 1 0.0 0.0
17.000000 15.000000 -130.689655 -132.758621 0.000000 40.000000

mayhew north america equal area proxy source 20
10.000000 -175.000000 2.000000 2.000000 400.000000 36 66
1 1 1 1
0.1 1.50 -2.0 2.0 0.080
2 1 2.500000000e-01 44.166127 50.344828
0 1 1 0.0 0.0
17.000000 15.000000 -128.620690 -130.689655 0.000000 40.000000

mayhew north america equal area proxy source 21
10.000000 -175.000000 2.000000 2.000000 400.000000 36 66
1 1 1 1
0.1 1.50 -2.0 2.0 0.080
2 1 2.500000000e-01 44.166127 52.413793
0 1 1 0.0 0.0
17.000000 15.000000 -126.551724 -128.620690 0.000000 40.000000

mayhew north america equal area proxy source 22
10.000000 -175.000000 2.000000 2.000000 400.000000 36 66
1 1 1 1
0.1 1.50 -2.0 2.0 0.080
2 1 2.500000000e-01 44.166127 54.482759
0 1 1 0.0 0.0
17.000000 15.000000 -124.482759 -126.551724 0.000000 40.000000

mayhew north america equal area proxy source 23
10.000000 -175.000000 2.000000 2.000000 400.000000 36 66
1 1 1 1
0.1 1.50 -2.0 2.0 0.080
2 1 2.500000000e-01 44.166127 56.551724
0 1 1 0.0 0.0
17.000000 15.000000 -122.413793 -124.482759 0.000000 40.000000

mayhew north america equal area proxy source 24
10.000000 -175.000000 2.000000 2.000000 400.000000 36 66
1 1 1 1
0.1 1.50 -2.0 2.0 0.080
2 1 2.500000000e-01 44.166127 58.620690
0 1 1 0.0 0.0
17.000000 15.000000 -120.344828 -122.413793 0.000000 40.000000

mayhew north america equal area proxy source 25
10.000000 -175.000000 2.000000 2.000000 400.000000 36 66
1 1 1 1
0.1 1.50 -2.0 2.0 0.080
2 1 2.500000000e-01 44.166127 60.689655
0 1 1 0.0 0.0
17.000000 15.000000 -118.275862 -120.344828 0.000000 40.000000

mayhew north america equal area proxy source 26
10.000000 -175.000000 2.000000 2.000000 400.000000 36 66
1 1 1 1
0.1 1.50 -2.0 2.0 0.080
2 1 2.500000000e-01 44.166127 62.758621
0 1 1 0.0 0.0
17.000000 15.000000 -116.206897 -118.275862 0.000000 40.000000

mayhew north america equal area proxy source 27
10.000000 -175.000000 2.000000 2.000000 400.000000 36 66
1 1 1 1
0.1 1.50 -2.0 2.0 0.080
2 1 2.500000000e-01 44.166127 64.827586
0 1 1 0.0 0.0
17.000000 15.000000 -114.137931 -116.206897 0.000000 40.000000

mayhew north america equal area proxy source 28
10.000000 -175.000000 2.000000 2.000000 400.000000 36 66
1 1 1 1
0.1 1.50 -2.0 2.0 0.080
2 1 2.500000000e-01 44.166127 66.896552
0 1 1 0.0 0.0
17.000000 15.000000 -112.068966 -114.137931 0.000000 40.000000

mayhew north america equal area proxy source 29
10.000000 -175.000000 2.000000 2.000000 400.000000 36 66
1 1 1 1
0.1 1.50 -2.0 2.0 0.080
2 1 2.500000000e-01 44.166127 68.965517
0 1 1 0.0 0.0
17.000000 15.000000 -110.000000 -112.068966 0.000000 40.000000

mayhew north america equal area proxy source 30
10.000000 -175.000000 2.000000 2.000000 400.000000 36 66
1 1 1 1
0.1 1.50 -2.0 2.0 0.080
2 1 2.500000000e-01 44.166127 71.034483
0 1 1 0.0 0.0
17.000000 15.000000 -107.931034 -110.000000 0.000000 40.000000

mayhew north america equal area proxy source 31
10.000000 -175.000000 2.000000 2.000000 400.000000 36 66
1 1 1 1
0.1 1.50 -2.0 2.0 0.080
2 1 2.500000000e-01 44.166127 73.103448
0 1 1 0.0 0.0
17.000000 15.000000 -105.862069 -107.931034 0.000000 40.000000

mayhew north america equal area proxy source 32
10.000000 -175.000000 2.000000 2.000000 400.000000 36 66
1 1 1 1
0.1 1.50 -2.0 2.0 0.080
2 1 7.500000000e-01 44.166127 75.172414
0 1 1 0.0 0.0
17.000000 15.000000 -103.793103 -105.862069 0.000000 40.000000

mayhew north america equal area proxy source 33
10.000000 -175.000000 2.000000 2.000000 400.000000 36 66
1 1 1 1
0.1 1.50 -2.0 2.0 0.080
2 1 7.500000000e-01 44.166127 77.241379
0 1 1 0.0 0.0
17.000000 15.000000 -101.724138 -103.793103 0.000000 40.000000

mayhew north america equal area proxy source 34
10.000000 -175.000000 2.000000 2.000000 400.000000 36 66
1 1 1 1
0.1 1.50 -2.0 2.0 0.080
2 1 7.500000000e-01 44.166127 79.310345
0 1 1 0.0 0.0
17.000000 15.000000 -99.655172 -101.724138 0.000000 40.000000

mayhew north america equal area proxy source 35
10.000000 -175.000000 2.000000 2.000000 400.000000 36 66
1 1 1 1
0.1 1.50 -2.0 2.0 0.080
2 1 7.500000000e-01 44.166127 81.379310
0 1 1 0.0 0.0
17.000000 15.000000 -97.586207 -99.655172 0.000000 40.000000

mayhew north america equal area proxy source 36
10.000000 -175.000000 2.000000 2.000000 400.000000 36 66
1 1 1 1
0.1 1.50 -2.0 2.0 0.080
2 1 7.500000000e-01 44.166127 83.448276
0 1 1 0.0 0.0
17.000000 15.000000 -95.517241 -97.586207 0.000000 40.000000

mayhew north america equal area proxy source 37
10.000000 -175.000000 2.000000 2.000000 400.000000 36 66
1 1 1 1
0.1 1.50 -2.0 2.0 0.080
2 1 7.500000000e-01 44.166127 85.517241
0 1 1 0.0 0.0
17.000000 15.000000 -93.448276 -95.517241 0.000000 40.000000

mayhew north america equal area proxy source 38
10.000000 -175.000000 2.000000 2.000000 400.000000 36 66
1 1 1 1
0.1 1.50 -2.0 2.0 0.080
2 1 7.500000000e-01 44.166127 87.586207
0 1 1 0.0 0.0
17.000000 15.000000 -91.379310 -93.448276 0.000000 40.000000

mayhew north america equal area proxy source 39
10.000000 -175.000000 2.000000 2.000000 400.000000 36 66
1 1 1 1
0.1 1.50 -2.0 2.0 0.080
2 1 7.500000000e-01 44.166127 89.655172
0 1 1 0.0 0.0
17.000000 15.000000 -89.310345 -91.379310 0.000000 40.000000

mayhew north america equal area proxy source 40
10.000000 -175.000000 2.000000 2.000000 400.000000 36 66
1 1 1 1
0.1 1.50 -2.0 2.0 0.080
2 1 7.500000000e-01 44.166127 91.724138
0 1 1 0.0 0.0
17.000000 15.000000 -87.241379 -89.310345 0.000000 40.000000

mayhew north america equal area proxy source 41
10.000000 -175.000000 2.000000 2.000000 400.000000 36 66
1 1 1 1
0.1 1.50 -2.0 2.0 0.080
2 1 7.500000000e-01 44.166127 93.793103
0 1 1 0.0 0.0
17.000000 15.000000 -85.172414 -87.241379 0.000000 40.000000

mayhew north america equal area proxy source 42
10.000000 -175.000000 2.000000 2.000000 400.000000 36 66
1 1 1 1
0.1 1.50 -2.0 2.0 0.080
2 1 1.000000000e+00 44.166127 95.862069
0 1 1 0.0 0.0
17.000000 15.000000 -83.103448 -85.172414 0.000000 40.000000

mayhew north america equal area proxy source 43
10.000000 -175.000000 2.000000 2.000000 400.000000 36 66
1 1 1 1
0.1 1.50 -2.0 2.0 0.080
2 1 1.000000000e+00 44.166127 97.931034
0 1 1 0.0 0.0
17.000000 15.000000 -81.034483 -83.103448 0.000000 40.000000

mayhew north america equal area proxy source 44
10.000000 -175.000000 2.000000 2.000000 400.000000 36 66
1 1 1 1
0.1 1.50 -2.0 2.0 0.080
2 1 1.000000000e+00 44.166127 100.000000
0 1 1 0.0 0.0
17.000000 15.000000 -78.965517 -81.034483 0.000000 40.000000

mayhew north america equal area proxy source 45
10.000000 -175.000000 2.000000 2.000000 400.000000 36 66
1 1 1 1
0.1 1.50 -2.0 2.0 0.080
2 1 1.000000000e+00 44.166127 102.068966
0 1 1 0.0 0.0
17.000000 15.000000 -76.896552 -78.965517 0.000000 40.000000

mayhew north america equal area proxy source 46
10.000000 -175.000000 2.000000 2.000000 400.000000 36 66
1 1 1 1
0.1 1.50 -2.0 2.0 0.080
2 1 1.000000000e+00 44.166127 104.137931
0 1 1 0.0 0.0
17.000000 15.000000 -74.827586 -76.896552 0.000000 40.000000

mayhew north america equal area proxy source 47
10.000000 -175.000000 2.000000 2.000000 400.000000 36 66
1 1 1 1
0.1 1.50 -2.0 2.0 0.080
2 1 1.000000000e+00 44.166127 106.206897
0 1 1 0.0 0.0
17.000000 15.000000 -72.758621 -74.827586 0.000000 40.000000

mayhew north america equal area proxy source 48
10.000000 -175.000000 2.000000 2.000000 400.000000 36 66
1 1 1 1
0.1 1.50 -2.0 2.0 0.080
2 1 1.000000000e+00 44.166127 108.275862
0 1 1 0.0 0.0
17.000000 15.000000 -70.689655 -72.758621 0.000000 40.000000

mayhew north america equal area proxy source 49
10.000000 -175.000000 2.000000 2.000000 400.000000 36 66
1 1 1 1
0.1 1.50 -2.0 2.0 0.080
2 1 1.000000000e+00 44.166127 110.344828
0 1 1 0.0 0.0
17.000000 15.000000 -68.620690 -70.689655 0.000000 40.000000

mayhew north america equal area proxy source 50
10.000000 -175.000000 2.000000 2.000000 400.000000 36 66
1 1 1 1
0.1 1.50 -2.0 2.0 0.080
2 1 1.000000000e+00 44.166127 112.413793
0 1 1 0.0 0.0
17.000000 15.000000 -66.551724 -68.620690 0.000000 40.000000

mayhew north america equal area proxy source 51
10.000000 -175.000000 2.000000 2.000000 400.000000 36 66
1 1 1 1
0.1 1.50 -2.0 2.0 0.080
2 1 1.000000000e+00 44.166127 114.482759
0 1 1 0.0 0.0
17.000000 15.000000 -64.482759 -66.551724 0.000000 40.000000

mayhew north america equal area proxy source 52
10.000000 -175.000000 2.000000 2.000000 400.000000 36 66
1 1 1 1
0.1 1.50 -2.0 2.0 0.080
2 1 1.000000000e+00 44.166127 116.551724
0 1 1 0.0 0.0
17.000000 15.000000 -62.413793 -64.482759 0.000000 40.000000

mayhew north america equal area proxy source 53
10.000000 -175.000000 2.000000 2.000000 400.000000 36 66
1 1 1 1
0.1 1.50 -2.0 2.0 0.080
2 1 1.000000000e+00 44.166127 118.620690
0 1 1 0.0 0.0
17.000000 15.000000 -60.344828 -62.413793 0.000000 40.000000

mayhew north america equal area proxy source 54
10.000000 -175.000000 2.000000 2.000000 400.000000 36 66
1 1 1 1
0.1 1.50 -2.0 2.0 0.080
2 1 1.000000000e+00 44.166127 120.689655
0 1 1 0.0 0.0
17.000000 15.000000 -58.275862 -60.344828 0.000000 40.000000

mayhew north america equal area proxy source 55
10.000000 -175.000000 2.000000 2.000000 400.000000 36 66
1 1 1 1
0.1 1.50 -2.0 2.0 0.080
2 1 1.000000000e+00 44.166127 122.758621
0 1 1 0.0 0.0
17.000000 15.000000 -56.206897 -58.275862 0.000000 40.000000

mayhew north america equal area proxy source 56
10.000000 -175.000000 2.000000 2.000000 400.000000 36 66
1 1 1 1
0.1 1.50 -2.0 2.0 0.080
2 1 1.000000000e+00 44.166127 124.827586
0 1 1 0.0 0.0
17.000000 15.000000 -54.137931 -56.206897 0.000000 40.000000

mayhew north america equal area proxy source 57
10.000000 -175.000000 2.000000 2.000000 400.000000 36 66
1 1 1 1
0.1 1.50 -2.0 2.0 0.080
2 1 1.000000000e+00 44.166127 126.896552
0 1 1 0.0 0.0
17.000000 15.000000 -52.068966 -54.137931 0.000000 40.000000

mayhew north america equal area proxy source 58
10.000000 -175.000000 2.000000 2.000000 400.000000 36 66
1 1 1 1
0.1 1.50 -2.0 2.0 0.080
2 1 1.000000000e+00 44.166127 128.965517
0 1 1 0.0 0.0
17.000000 15.000000 -50.000000 -52.068966 0.000000 40.000000

mayhew north america equal area proxy source 59
10.000000 -175.000000 2.000000 2.000000 400.000000 36 66
1 1 1 1
0.1 1.50 -2.0 2.0 0.080
2 1 2.500000000e-01 38.982602 11.052632
0 1 1 0.0 0.0
19.000000 17.000000 -167.894737 -170.000000 0.000000 40.000000

mayhew north america equal area proxy source 60
10.000000 -175.000000 2.000000 2.000000 400.000000 36 66
1 1 1 1
0.1 1.50 -2.0 2.0 0.080
2 1 2.500000000e-01 38.982602 13.157895
0 1 1 0.0 0.0
19.000000 17.000000 -165.789474 -167.894737 0.000000 40.000000

mayhew north america equal area proxy source 61
10.000000 -175.000000 2.000000 2.000000 400.000000 36 66
1 1 1 1
0.1 1.50 -2.0 2.0 0.080
2 1 2.500000000e-01 38.982602 15.263158
0 1 1 0.0 0.0
19.000000 17.000000 -163.684211 -165.789474 0.000000 40.000000

mayhew north america equal area proxy source 62
10.000000 -175.000000 2.000000 2.000000 400.000000 36 66
1 1 1 1
0.1 1.50 -2.0 2.0 0.080
2 1 2.500000000e-01 38.982602 17.368421
0 1 1 0.0 0.0
19.000000 17.000000 -161.578947 -163.684211 0.000000 40.000000

mayhew north america equal area proxy source 63
10.000000 -175.000000 2.000000 2.000000 400.000000 36 66
1 1 1 1
0.1 1.50 -2.0 2.0 0.080
2 1 2.500000000e-01 38.982602 19.473684
0 1 1 0.0 0.0
19.000000 17.000000 -159.473684 -161.578947 0.000000 40.000000

mayhew north america equal area proxy source 64
10.000000 -175.000000 2.000000 2.000000 400.000000 36 66
1 1 1 1
0.1 1.50 -2.0 2.0 0.080
2 1 2.500000000e-01 38.982602 21.578947
0 1 1 0.0 0.0
19.000000 17.000000 -157.368421 -159.473684 0.000000 40.000000

mayhew north america equal area proxy source 65
10.000000 -175.000000 2.000000 2.000000 400.000000 36 66
1 1 1 1
0.1 1.50 -2.0 2.0 0.080
2 1 2.500000000e-01 38.982602 23.684211
0 1 1 0.0 0.0
19.000000 17.000000 -155.263158 -157.368421 0.000000 40.000000

mayhew north america equal area proxy source 66
10.000000 -175.000000 2.000000 2.000000 400.000000 36 66
1 1 1 1
0.1 1.50 -2.0 2.0 0.080
2 1 2.500000000e-01 38.982602 25.789474
0 1 1 0.0 0.0
19.000000 17.000000 -153.157895 -155.263158 0.000000 40.000000

mayhew north america equal area proxy source 67
10.000000 -175.000000 2.000000 2.000000 400.000000 36 66
1 1 1 1
0.1 1.50 -2.0 2.0 0.080
2 1 2.500000000e-01 38.982602 27.894737
0 1 1 0.0 0.0
19.000000 17.000000 -151.052632 -153.157895 0.000000 40.000000

mayhew north america equal area proxy source 68
10.000000 -175.000000 2.000000 2.000000 400.000000 36 66
1 1 1 1
0.1 1.50 -2.0 2.0 0.080
2 1 2.500000000e-01 38.982602 30.000000
0 1 1 0.0 0.0
19.000000 17.000000 -148.947368 -151.052632 0.000000 40.000000

mayhew north america equal area proxy source 69
10.000000 -175.000000 2.000000 2.000000 400.000000 36 66
1 1 1 1
0.1 1.50 -2.0 2.0 0.080
2 1 2.500000000e-01 38.982602 32.105263
0 1 1 0.0 0.0
19.000000 17.000000 -146.842105 -148.947368 0.000000 40.000000

mayhew north america equal area proxy source 70
10.000000 -175.000000 2.000000 2.000000 400.000000 36 66
1 1 1 1
0.1 1.50 -2.0 2.0 0.080
2 1 2.500000000e-01 38.982602 34.210526
0 1 1 0.0 0.0
19.000000 17.000000 -144.736842 -146.842105 0.000000 40.000000

mayhew north america equal area proxy source 71
10.000000 -175.000000 2.000000 2.000000 400.000000 36 66
1 1 1 1
0.1 1.50 -2.0 2.0 0.080
2 1 2.500000000e-01 38.982602 36.315789
0 1 1 0.0 0.0
19.000000 17.000000 -142.631579 -144.736842 0.000000 40.000000

mayhew north america equal area proxy source 72
10.000000 -175.000000 2.000000 2.000000 400.000000 36 66
1 1 1 1
0.1 1.50 -2.0 2.0 0.080
2 1 2.500000000e-01 38.982602 38.421053
0 1 1 0.0 0.0
19.000000 17.000000 -140.526316 -142.631579 0.000000 40.000000

mayhew north america equal area proxy source 73
10.000000 -175.000000 2.000000 2.000000 400.000000 36 66
1 1 1 1
0.1 1.50 -2.0 2.0 0.080
2 1 2.500000000e-01 38.982602 40.526316
0 1 1 0.0 0.0
19.000000 17.000000 -138.421053 -140.526316 0.000000 40.000000

mayhew north america equal area proxy source 74
10.000000 -175.000000 2.000000 2.000000 400.000000 36 66
1 1 1 1
0.1 1.50 -2.0 2.0 0.080
2 1 2.500000000e-01 38.982602 42.631579
0 1 1 0.0 0.0
19.000000 17.000000 -136.315789 -138.421053 0.000000 40.000000

mayhew north america equal area proxy source 75
10.000000 -175.000000 2.000000 2.000000 400.000000 36 66
1 1 1 1
0.1 1.50 -2.0 2.0 0.080
2 1 2.500000000e-01 38.982602 44.736842
0 1 1 0.0 0.0
19.000000 17.000000 -134.210526 -136.315789 0.000000 40.000000

mayhew north america equal area proxy source 76
10.000000 -175.000000 2.000000 2.000000 400.000000 36 66
1 1 1 1
0.1 1.50 -2.0 2.0 0.080
2 1 2.500000000e-01 38.982602 46.842105
0 1 1 0.0 0.0
19.000000 17.000000 -132.105263 -134.210526 0.000000 40.000000

mayhew north america equal area proxy source 77
10.000000 -175.000000 2.000000 2.000000 400.000000 36 66
1 1 1 1
0.1 1.50 -2.0 2.0 0.080
2 1 2.500000000e-01 38.982602 48.947368
0 1 1 0.0 0.0
19.000000 17.000000 -130.000000 -132.105263 0.000000 40.000000

mayhew north america equal area proxy source 78
10.000000 -175.000000 2.000000 2.000000 400.000000 36 66
1 1 1 1
0.1 1.50 -2.0 2.0 0.080
2 1 2.500000000e-01 38.982602 51.052632
0 1 1 0.0 0.0
19.000000 17.000000 -127.894737 -130.000000 0.000000 40.000000

mayhew north america equal area proxy source 79
10.000000 -175.000000 2.000000 2.000000 400.000000 36 66
1 1 1 1
0.1 1.50 -2.0 2.0 0.080
2 1 2.500000000e-01 38.982602 53.157895
0 1 1 0.0 0.0
19.000000 17.000000 -125.789474 -127.894737 0.000000 40.000000

mayhew north america equal area proxy source 80
10.000000 -175.000000 2.000000 2.000000 400.000000 36 66
1 1 1 1
0.1 1.50 -2.0 2.0 0.080
2 1 2.500000000e-01 38.982602 55.263158
0 1 1 0.0 0.0
19.000000 17.000000 -123.684211 -125.789474 0.000000 40.000000

mayhew north america equal area proxy source 81
10.000000 -175.000000 2.000000 2.000000 400.000000 36 66
1 1 1 1
0.1 1.50 -2.0 2.0 0.080
2 1 2.500000000e-01 38.982602 57.368421
0 1 1 0.0 0.0
19.000000 17.000000 -121.578947 -123.684211 0.000000 40.000000

mayhew north america equal area proxy source 82
10.000000 -175.000000 2.000000 2.000000 400.000000 36 66
1 1 1 1
0.1 1.50 -2.0 2.0 0.080
2 1 2.500000000e-01 38.982602 59.473684
0 1 1 0.0 0.0
19.000000 17.000000 -119.473684 -121.578947 0.000000 40.000000

mayhew north america equal area proxy source 83
10.000000 -175.000000 2.000000 2.000000 400.000000 36 66
1 1 1 1
0.1 1.50 -2.0 2.0 0.080
2 1 2.500000000e-01 38.982602 61.578947
0 1 1 0.0 0.0
19.000000 17.000000 -117.368421 -119.473684 0.000000 40.000000

mayhew north america equal area proxy source 84
10.000000 -175.000000 2.000000 2.000000 400.000000 36 66
1 1 1 1
0.1 1.50 -2.0 2.0 0.080
2 1 2.500000000e-01 38.982602 63.684211
0 1 1 0.0 0.0
19.000000 17.000000 -115.263158 -117.368421 0.000000 40.000000

mayhew north america equal area proxy source 85
10.000000 -175.000000 2.000000 2.000000 400.000000 36 66
1 1 1 1
0.1 1.50 -2.0 2.0 0.080
2 1 2.500000000e-01 38.982602 65.789474
0 1 1 0.0 0.0
19.000000 17.000000 -113.157895 -115.263158 0.000000 40.000000

mayhew north america equal area proxy source 86
10.000000 -175.000000 2.000000 2.000000 400.000000 36 66
1 1 1 1
0.1 1.50 -2.0 2.0 0.080
2 1 2.500000000e-01 38.982602 67.894737
0 1 1 0.0 0.0
19.000000 17.000000 -111.052632 -113.157895 0.000000 40.000000

mayhew north america equal area proxy source 87
10.000000 -175.000000 2.000000 2.000000 400.000000 36 66
1 1 1 1
0.1 1.50 -2.0 2.0 0.080
2 1 2.500000000e-01 38.982602 70.000000
0 1 1 0.0 0.0
19.000000 17.000000 -108.947368 -111.052632 0.000000 40.000000

mayhew north america equal area proxy source 88
10.000000 -175.000000 2.000000 2.000000 400.000000 36 66
1 1 1 1
0.1 1.50 -2.0 2.0 0.080
2 1 2.500000000e-01 38.982602 72.105263
0 1 1 0.0 0.0
19.000000 17.000000 -106.842105 -108.947368 0.000000 40.000000

mayhew north america equal area proxy source 89
10.000000 -175.000000 2.000000 2.000000 400.000000 36 66
1 1 1 1
0.1 1.50 -2.0 2.0 0.080
2 1 2.500000000e-01 38.982602 74.210526
0 1 1 0.0 0.0
19.000000 17.000000 -104.736842 -106.842105 0.000000 40.000000

mayhew north america equal area proxy source 90
10.000000 -175.000000 2.000000 2.000000 400.000000 36 66
1 1 1 1
0.1 1.50 -2.0 2.0 0.080
2 1 7.500000000e-01 38.982602 76.315789
0 1 1 0.0 0.0
19.000000 17.000000 -102.631579 -104.736842 0.000000 40.000000

mayhew north america equal area proxy source 91
10.000000 -175.000000 2.000000 2.000000 400.000000 36 66
1 1 1 1
0.1 1.50 -2.0 2.0 0.080
2 1 7.500000000e-01 38.982602 78.421053
0 1 1 0.0 0.0
19.000000 17.000000 -100.526316 -102.631579 0.000000 40.000000

mayhew north america equal area proxy source 92
10.000000 -175.000000 2.000000 2.000000 400.000000 36 66
1 1 1 1
0.1 1.50 -2.0 2.0 0.080
2 1 7.500000000e-01 38.982602 80.526316
0 1 1 0.0 0.0
19.000000 17.000000 -98.421053 -100.526316 0.000000 40.000000

mayhew north america equal area proxy source 93
10.000000 -175.000000 2.000000 2.000000 400.000000 36 66
1 1 1 1
0.1 1.50 -2.0 2.0 0.080
2 1 7.500000000e-01 38.982602 82.631579
0 1 1 0.0 0.0
19.000000 17.000000 -96.315789 -98.421053 0.000000 40.000000

mayhew north america equal area proxy source 94
10.000000 -175.000000 2.000000 2.000000 400.000000 36 66
1 1 1 1
0.1 1.50 -2.0 2.0 0.080
2 1 7.500000000e-01 38.982602 84.736842
0 1 1 0.0 0.0
19.000000 17.000000 -94.210526 -96.315789 0.000000 40.000000

mayhew north america equal area proxy source 95
10.000000 -175.000000 2.000000 2.000000 400.000000 36 66
1 1 1 1
0.1 1.50 -2.0 2.0 0.080
2 1 7.500000000e-01 38.982602 86.842105
0 1 1 0.0 0.0
19.000000 17.000000 -92.105263 -94.210526 0.000000 40.000000

mayhew north america equal area proxy source 96
10.000000 -175.000000 2.000000 2.000000 400.000000 36 66
1 1 1 1
0.1 1.50 -2.0 2.0 0.080
2 1 7.500000000e-01 38.982602 88.947368
0 1 1 0.0 0.0
19.000000 17.000000 -90.000000 -92.105263 0.000000 40.000000

mayhew north america equal area proxy source 97
10.000000 -175.000000 2.000000 2.000000 400.000000 36 66
1 1 1 1
0.1 1.50 -2.0 2.0 0.080
2 1 7.500000000e-01 38.982602 91.052632
0 1 1 0.0 0.0
19.000000 17.000000 -87.894737 -90.000000 0.000000 40.000000

mayhew north america equal area proxy source 98
10.000000 -175.000000 2.000000 2.000000 400.000000 36 66
1 1 1 1
0.1 1.50 -2.0 2.0 0.080
2 1 7.500000000e-01 38.982602 93.157895
0 1 1 0.0 0.0
19.000000 17.000000 -85.789474 -87.894737 0.000000 40.000000

mayhew north america equal area proxy source 99
10.000000 -175.000000 2.000000 2.000000 400.000000 36 66
1 1 1 1
0.1 1.50 -2.0 2.0 0.080
2 1 1.000000000e+00 38.982602 95.263158
0 1 1 0.0 0.0
19.000000 17.000000 -83.684211 -85.789474 0.000000 40.000000

mayhew north america equal area proxy source 100
10.000000 -175.000000 2.000000 2.000000 400.000000 36 66
1 1 1 1
0.1 1.50 -2.0 2.0 0.080
2 1 1.000000000e+00 38.982602 97.368421
0 1 1 0.0 0.0
19.000000 17.000000 -81.578947 -83.684211 0.000000 40.000000

mayhew north america equal area proxy source 101
10.000000 -175.000000 2.000000 2.000000 400.000000 36 66
1 1 1 1
0.1 1.50 -2.0 2.0 0.080
2 1 1.000000000e+00 38.982602 99.473684
0 1 1 0.0 0.0
19.000000 17.000000 -79.473684 -81.578947 0.000000 40.000000

mayhew north america equal area proxy source 102
10.000000 -175.000000 2.000000 2.000000 400.000000 36 66
1 1 1 1
0.1 1.50 -2.0 2.0 0.080
2 1 1.000000000e+00 38.982602 101.578947
0 1 1 0.0 0.0
19.000000 17.000000 -77.368421 -79.473684 0.000000 40.000000

mayhew north america equal area proxy source 103
10.000000 -175.000000 2.000000 2.000000 400.000000 36 66
1 1 1 1
0.1 1.50 -2.0 2.0 0.080
2 1 1.000000000e+00 38.982602 103.684211
0 1 1 0.0 0.0
19.000000 17.000000 -75.263158 -77.368421 0.000000 40.000000

mayhew north america equal area proxy source 104
10.000000 -175.000000 2.000000 2.000000 400.000000 36 66
1 1 1 1
0.1 1.50 -2.0 2.0 0.080
2 1 1.000000000e+00 38.982602 105.789474
0 1 1 0.0 0.0
19.000000 17.000000 -73.157895 -75.263158 0.000000 40.000000

mayhew north america equal area proxy source 105
10.000000 -175.000000 2.000000 2.000000 400.000000 36 66
1 1 1 1
0.1 1.50 -2.0 2.0 0.080
2 1 1.000000000e+00 38.982602 107.894737
0 1 1 0.0 0.0
19.000000 17.000000 -71.052632 -73.157895 0.000000 40.000000

mayhew north america equal area proxy source 106
10.000000 -175.000000 2.000000 2.000000 400.000000 36 66
1 1 1 1
0.1 1.50 -2.0 2.0 0.080
2 1 1.000000000e+00 38.982602 110.000000
0 1 1 0.0 0.0
19.000000 17.000000 -68.947368 -71.052632 0.000000 40.000000

mayhew north america equal area proxy source 107
10.000000 -175.000000 2.000000 2.000000 400.000000 36 66
1 1 1 1
0.1 1.50 -2.0 2.0 0.080
2 1 1.000000000e+00 38.982602 112.105263
0 1 1 0.0 0.0
19.000000 17.000000 -66.842105 -68.947368 0.000000 40.000000

mayhew north america equal area proxy source 108
10.000000 -175.000000 2.000000 2.000000 400.000000 36 66
1 1 1 1
0.1 1.50 -2.0 2.0 0.080
2 1 1.000000000e+00 38.982602 114.210526
0 1 1 0.0 0.0
19.000000 17.000000 -64.736842 -66.842105 0.000000 40.000000

mayhew north america equal area proxy source 109
10.000000 -175.000000 2.000000 2.000000 400.000000 36 66
1 1 1 1
0.1 1.50 -2.0 2.0 0.080
2 1 1.000000000e+00 38.982602 116.315789
0 1 1 0.0 0.0
19.000000 17.000000 -62.631579 -64.736842 0.000000 40.000000

mayhew north america equal area proxy source 110
10.000000 -175.000000 2.000000 2.000000 400.000000 36 66
1 1 1 1
0.1 1.50 -2.0 2.0 0.080
2 1 1.000000000e+00 38.982602 118.421053
0 1 1 0.0 0.0
19.000000 17.000000 -60.526316 -62.631579 0.000000 40.000000

mayhew north america equal area proxy source 111
10.000000 -175.000000 2.000000 2.000000 400.000000 36 66
1 1 1 1
0.1 1.50 -2.0 2.0 0.080
2 1 1.000000000e+00 38.982602 120.526316
0 1 1 0.0 0.0
19.000000 17.000000 -58.421053 -60.526316 0.000000 40.000000

mayhew north america equal area proxy source 112
10.000000 -175.000000 2.000000 2.000000 400.000000 36 66
1 1 1 1
0.1 1.50 -2.0 2.0 0.080
2 1 1.000000000e+00 38.982602 122.631579
0 1 1 0.0 0.0
19.000000 17.000000 -56.315789 -58.421053 0.000000 40.000000

mayhew north america equal area proxy source 113
10.000000 -175.000000 2.000000 2.000000 400.000000 36 66
1 1 1 1
0.1 1.50 -2.0 2.0 0.080
2 1 1.000000000e+00 38.982602 124.736842
0 1 1 0.0 0.0
19.000000 17.000000 -54.210526 -56.315789 0.000000 40.000000

mayhew north america equal area proxy source 114
10.000000 -175.000000 2.000000 2.000000 400.000000 36 66
1 1 1 1
0.1 1.50 -2.0 2.0 0.080
2 1 1.000000000e+00 38.982602 126.842105
0 1 1 0.0 0.0
19.000000 17.000000 -52.105263 -54.210526 0.000000 40.000000

mayhew north america equal area proxy source 115
10.000000 -175.000000 2.000000 2.000000 400.000000 36 66
1 1 1 1
0.1 1.50 -2.0 2.0 0.080
2 1 1.000000000e+00 38.982602 128.947368
0 1 1 0.0 0.0
19.000000 17.000000 -50.000000 -52.105263 0.000000 40.000000

mayhew north america equal area proxy source 116
10.000000 -175.000000 2.000000 2.000000 400.000000 36 66
1 1 1 1
0.1 1.50 -2.0 2.0 0.080
2 1 2.500000000e-01 33.947611 11.071429
0 1 1 0.0 0.0
21.000000 19.000000 -167.857143 -170.000000 0.000000 40.000000

mayhew north america equal area proxy source 117
10.000000 -175.000000 2.000000 2.000000 400.000000 36 66
1 1 1 1
0.1 1.50 -2.0 2.0 0.080
2 1 2.500000000e-01 33.947611 13.214286
0 1 1 0.0 0.0
21.000000 19.000000 -165.714286 -167.857143 0.000000 40.000000

mayhew north america equal area proxy source 118
10.000000 -175.000000 2.000000 2.000000 400.000000 36 66
1 1 1 1
0.1 1.50 -2.0 2.0 0.080
2 1 2.500000000e-01 33.947611 15.357143
0 1 1 0.0 0.0
21.000000 19.000000 -163.571429 -165.714286 0.000000 40.000000

mayhew north america equal area proxy source 119
10.000000 -175.000000 2.000000 2.000000 400.000000 36 66
1 1 1 1
0.1 1.50 -2.0 2.0 0.080
2 1 2.500000000e-01 33.947611 17.500000
0 1 1 0.0 0.0
21.000000 19.000000 -161.428571 -163.571429 0.000000 40.000000

mayhew north america equal area proxy source 120
10.000000 -175.000000 2.000000 2.000000 400.000000 36 66
1 1 1 1
0.1 1.50 -2.0 2.0 0.080
2 1 2.500000000e-01 33.947611 19.642857
0 1 1 0.0 0.0
21.000000 19.000000 -159.285714 -161.428571 0.000000 40.000000

mayhew north america equal area proxy source 121
10.000000 -175.000000 2.000000 2.000000 400.000000 36 66
1 1 1 1
0.1 1.50 -2.0 2.0 0.080
2 1 2.500000000e-01 33.947611 21.785714
0 1 1 0.0 0.0
21.000000 19.000000 -157.142857 -159.285714 0.000000 40.000000

mayhew north america equal area proxy source 122
10.000000 -175.000000 2.000000 2.000000 400.000000 36 66
1 1 1 1
0.1 1.50 -2.0 2.0 0.080
2 1 2.500000000e-01 33.947611 23.928571
0 1 1 0.0 0.0
21.000000 19.000000 -155.000000 -157.142857 0.000000 40.000000

mayhew north america equal area proxy source 123
10.000000 -175.000000 2.000000 2.000000 400.000000 36 66
1 1 1 1
0.1 1.50 -2.0 2.0 0.080
2 1 2.500000000e-01 33.947611 26.071429
0 1 1 0.0 0.0
21.000000 19.000000 -152.857143 -155.000000 0.000000 40.000000

mayhew north america equal area proxy source 124
10.000000 -175.000000 2.000000 2.000000 400.000000 36 66
1 1 1 1
0.1 1.50 -2.0 2.0 0.080
2 1 2.500000000e-01 33.947611 28.214286
0 1 1 0.0 0.0
21.000000 19.000000 -150.714286 -152.857143 0.000000 40.000000

mayhew north america equal area proxy source 125
10.000000 -175.000000 2.000000 2.000000 400.000000 36 66
1 1 1 1
0.1 1.50 -2.0 2.0 0.080
2 1 2.500000000e-01 33.947611 30.357143
0 1 1 0.0 0.0
21.000000 19.000000 -148.571429 -150.714286 0.000000 40.000000

mayhew north america equal area proxy source 126
10.000000 -175.000000 2.000000 2.000000 400.000000 36 66
1 1 1 1
0.1 1.50 -2.0 2.0 0.080
2 1 2.500000000e-01 33.947611 32.500000
0 1 1 0.0 0.0
21.000000 19.000000 -146.428571 -148.571429 0.000000 40.000000

mayhew north america equal area proxy source 127
10.000000 -175.000000 2.000000 2.000000 400.000000 36 66
1 1 1 1
0.1 1.50 -2.0 2.0 0.080
2 1 2.500000000e-01 33.947611 34.642857
0 1 1 0.0 0.0
21.000000 19.000000 -144.285714 -146.428571 0.000000 40.000000

mayhew north america equal area proxy source 128
10.000000 -175.000000 2.000000 2.000000 400.000000 36 66
1 1 1 1
0.1 1.50 -2.0 2.0 0.080
2 1 2.500000000e-01 33.947611 36.785714
0 1 1 0.0 0.0
21.000000 19.000000 -142.142857 -144.285714 0.000000 40.000000

mayhew north america equal area proxy source 129
10.000000 -175.000000 2.000000 2.000000 400.000000 36 66
1 1 1 1
0.1 1.50 -2.0 2.0 0.080
2 1 2.500000000e-01 33.947611 38.928571
0 1 1 0.0 0.0
21.000000 19.000000 -140.000000 -142.142857 0.000000 40.000000

mayhew north america equal area proxy source 130
10.000000 -175.000000 2.000000 2.000000 400.000000 36 66
1 1 1 1
0.1 1.50 -2.0 2.0 0.080
2 1 2.500000000e-01 33.947611 41.071429
0 1 1 0.0 0.0
21.000000 19.000000 -137.857143 -140.000000 0.000000 40.000000

mayhew north america equal area proxy source 131
10.000000 -175.000000 2.000000 2.000000 400.000000 36 66
1 1 1 1
0.1 1.50 -2.0 2.0 0.080
2 1 2.500000000e-01 33.947611 43.214286
0 1 1 0.0 0.0
21.000000 19.000000 -135.714286 -137.857143 0.000000 40.000000

mayhew north america equal area proxy source 132
10.000000 -175.000000 2.000000 2.000000 400.000000 36 66
1 1 1 1
0.1 1.50 -2.0 2.0 0.080
2 1 2.500000000e-01 33.947611 45.357143
0 1 1 0.0 0.0
21.000000 19.000000 -133.571429 -135.714286 0.000000 40.000000

mayhew north america equal area proxy source 133
10.000000 -175.000000 2.000000 2.000000 400.000000 36 66
1 1 1 1
0.1 1.50 -2.0 2.0 0.080
2 1 2.500000000e-01 33.947611 47.500000
0 1 1 0.0 0.0
21.000000 19.000000 -131.428571 -133.571429 0.000000 40.000000

mayhew north america equal area proxy source 134
10.000000 -175.000000 2.000000 2.000000 400.000000 36 66
1 1 1 1
0.1 1.50 -2.0 2.0 0.080
2 1 2.500000000e-01 33.947611 49.642857
0 1 1 0.0 0.0
21.000000 19.000000 -129.285714 -131.428571 0.000000 40.000000

mayhew north america equal area proxy source 135
10.000000 -175.000000 2.000000 2.000000 400.000000 36 66
1 1 1 1
0.1 1.50 -2.0 2.0 0.080
2 1 2.500000000e-01 33.947611 51.785714
0 1 1 0.0 0.0
21.000000 19.000000 -127.142857 -129.285714 0.000000 40.000000

mayhew north america equal area proxy source 136
10.000000 -175.000000 2.000000 2.000000 400.000000 36 66
1 1 1 1
0.1 1.50 -2.0 2.0 0.080
2 1 2.500000000e-01 33.947611 53.928571
0 1 1 0.0 0.0
21.000000 19.000000 -125.000000 -127.142857 0.000000 40.000000

mayhew north america equal area proxy source 137
10.000000 -175.000000 2.000000 2.000000 400.000000 36 66
1 1 1 1
0.1 1.50 -2.0 2.0 0.080
2 1 2.500000000e-01 33.947611 56.071429
0 1 1 0.0 0.0
21.000000 19.000000 -122.857143 -125.000000 0.000000 40.000000

mayhew north america equal area proxy source 138
10.000000 -175.000000 2.000000 2.000000 400.000000 36 66
1 1 1 1
0.1 1.50 -2.0 2.0 0.080
2 1 2.500000000e-01 33.947611 58.214286
0 1 1 0.0 0.0
21.000000 19.000000 -120.714286 -122.857143 0.000000 40.000000

mayhew north america equal area proxy source 139
10.000000 -175.000000 2.000000 2.000000 400.000000 36 66
1 1 1 1
0.1 1.50 -2.0 2.0 0.080
2 1 2.500000000e-01 33.947611 60.357143
0 1 1 0.0 0.0
21.000000 19.000000 -118.571429 -120.714286 0.000000 40.000000

mayhew north america equal area proxy source 140
10.000000 -175.000000 2.000000 2.000000 400.000000 36 66
1 1 1 1
0.1 1.50 -2.0 2.0 0.080
2 1 2.500000000e-01 33.947611 62.500000
0 1 1 0.0 0.0
21.000000 19.000000 -116.428571 -118.571429 0.000000 40.000000

mayhew north america equal area proxy source 141
10.000000 -175.000000 2.000000 2.000000 400.000000 36 66
1 1 1 1
0.1 1.50 -2.0 2.0 0.080
2 1 2.500000000e-01 33.947611 64.642857
0 1 1 0.0 0.0
21.000000 19.000000 -114.285714 -116.428571 0.000000 40.000000

mayhew north america equal area proxy source 142
10.000000 -175.000000 2.000000 2.000000 400.000000 36 66
1 1 1 1
0.1 1.50 -2.0 2.0 0.080
2 1 2.500000000e-01 33.947611 66.785714
0 1 1 0.0 0.0
21.000000 19.000000 -112.142857 -114.285714 0.000000 40.000000

mayhew north america equal area proxy source 143
10.000000 -175.000000 2.000000 2.000000 400.000000 36 66
1 1 1 1
0.1 1.50 -2.0 2.0 0.080
2 1 2.500000000e-01 33.947611 68.928571
0 1 1 0.0 0.0
21.000000 19.000000 -110.000000 -112.142857 0.000000 40.000000

mayhew north america equal area proxy source 144
10.000000 -175.000000 2.000000 2.000000 400.000000 36 66
1 1 1 1
0.1 1.50 -2.0 2.0 0.080
2 1 2.500000000e-01 33.947611 71.071429
0 1 1 0.0 0.0
21.000000 19.000000 -107.857143 -110.000000 0.000000 40.000000

mayhew north america equal area proxy source 145
10.000000 -175.000000 2.000000 2.000000 400.000000 36 66
1 1 1 1
0.1 1.50 -2.0 2.0 0.080
2 1 2.500000000e-01 33.947611 73.214286
0 1 1 0.0 0.0
21.000000 19.000000 -105.714286 -107.857143 0.000000 40.000000

mayhew north america equal area proxy source 146
10.000000 -175.000000 2.000000 2.000000 400.000000 36 66
1 1 1 1
0.1 1.50 -2.0 2.0 0.080
2 1 7.500000000e-01 33.947611 75.357143
0 1 1 0.0 0.0
21.000000 19.000000 -103.571429 -105.714286 0.000000 40.000000

mayhew north america equal area proxy source 147
10.000000 -175.000000 2.000000 2.000000 400.000000 36 66
1 1 1 1
0.1 1.50 -2.0 2.0 0.080
2 1 7.500000000e-01 33.947611 77.500000
0 1 1 0.0 0.0
21.000000 19.000000 -101.428571 -103.571429 0.000000 40.000000

mayhew north america equal area proxy source 148
10.000000 -175.000000 2.000000 2.000000 400.000000 36 66
1 1 1 1
0.1 1.50 -2.0 2.0 0.080
2 1 7.500000000e-01 33.947611 79.642857
0 1 1 0.0 0.0
21.000000 19.000000 -99.285714 -101.428571 0.000000 40.000000

mayhew north america equal area proxy source 149
10.000000 -175.000000 2.000000 2.000000 400.000000 36 66
1 1 1 1
0.1 1.50 -2.0 2.0 0.080
2 1 7.500000000e-01 33.947611 81.785714
0 1 1 0.0 0.0
21.000000 19.000000 -97.142857 -99.285714 0.000000 40.000000

mayhew north america equal area proxy source 150
10.000000 -175.000000 2.000000 2.000000 400.000000 36 66
1 1 1 1
0.1 1.50 -2.0 2.0 0.080
2 1 7.500000000e-01 33.947611 83.928571
0 1 1 0.0 0.0
21.000000 19.000000 -95.000000 -97.142857 0.000000 40.000000

mayhew north america equal area proxy source 151
10.000000 -175.000000 2.000000 2.000000 400.000000 36 66
1 1 1 1
0.1 1.50 -2.0 2.0 0.080
2 1 7.500000000e-01 33.947611 86.071429
0 1 1 0.0 0.0
21.000000 19.000000 -92.857143 -95.000000 0.000000 40.000000

mayhew north america equal area proxy source 152
10.000000 -175.000000 2.000000 2.000000 400.000000 36 66
1 1 1 1
0.1 1.50 -2.0 2.0 0.080
2 1 7.500000000e-01 33.947611 88.214286
0 1 1 0.0 0.0
21.000000 19.000000 -90.714286 -92.857143 0.000000 40.000000

mayhew north america equal area proxy source 153
10.000000 -175.000000 2.000000 2.000000 400.000000 36 66
1 1 1 1
0.1 1.50 -2.0 2.0 0.080
2 1 7.500000000e-01 33.947611 90.357143
0 1 1 0.0 0.0
21.000000 19.000000 -88.571429 -90.714286 0.000000 40.000000

mayhew north america equal area proxy source 154
10.000000 -175.000000 2.000000 2.000000 400.000000 36 66
1 1 1 1
0.1 1.50 -2.0 2.0 0.080
2 1 7.500000000e-01 33.947611 92.500000
0 1 1 0.0 0.0
21.000000 19.000000 -86.428571 -88.571429 0.000000 40.000000

mayhew north america equal area proxy source 155
10.000000 -175.000000 2.000000 2.000000 400.000000 36 66
1 1 1 1
0.1 1.50 -2.0 2.0 0.080
2 1 7.500000000e-01 33.947611 94.642857
0 1 1 0.0 0.0
21.000000 19.000000 -84.285714 -86.428571 0.000000 40.000000

mayhew north america equal area proxy source 156
10.000000 -175.000000 2.000000 2.000000 400.000000 36 66
1 1 1 1
0.1 1.50 -2.0 2.0 0.080
2 1 1.000000000e+00 33.947611 96.785714
0 1 1 0.0 0.0
21.000000 19.000000 -82.142857 -84.285714 0.000000 40.000000

mayhew north america equal area proxy source 157
10.000000 -175.000000 2.000000 2.000000 400.000000 36 66
1 1 1 1
0.1 1.50 -2.0 2.0 0.080
2 1 1.000000000e+00 33.947611 98.928571
0 1 1 0.0 0.0
21.000000 19.000000 -80.000000 -82.142857 0.000000 40.000000

mayhew north america equal area proxy source 158
10.000000 -175.000000 2.000000 2.000000 400.000000 36 66
1 1 1 1
0.1 1.50 -2.0 2.0 0.080
2 1 1.000000000e+00 33.947611 101.071429
0 1 1 0.0 0.0
21.000000 19.000000 -77.857143 -80.000000 0.000000 40.000000

mayhew north america equal area proxy source 159
10.000000 -175.000000 2.000000 2.000000 400.000000 36 66
1 1 1 1
0.1 1.50 -2.0 2.0 0.080
2 1 1.000000000e+00 33.947611 103.214286
0 1 1 0.0 0.0
21.000000 19.000000 -75.714286 -77.857143 0.000000 40.000000

mayhew north america equal area proxy source 160
10.000000 -175.000000 2.000000 2.000000 400.000000 36 66
1 1 1 1
0.1 1.50 -2.0 2.0 0.080
2 1 1.000000000e+00 33.947611 105.357143
0 1 1 0.0 0.0
21.000000 19.000000 -73.571429 -75.714286 0.000000 40.000000

mayhew north america equal area proxy source 161
10.000000 -175.000000 2.000000 2.000000 400.000000 36 66
1 1 1 1
0.1 1.50 -2.0 2.0 0.080
2 1 1.000000000e+00 33.947611 107.500000
0 1 1 0.0 0.0
21.000000 19.000000 -71.428571 -73.571429 0.000000 40.000000

mayhew north america equal area proxy source 162
10.000000 -175.000000 2.000000 2.000000 400.000000 36 66
1 1 1 1
0.1 1.50 -2.0 2.0 0.080
2 1 1.000000000e+00 33.947611 109.642857
0 1 1 0.0 0.0
21.000000 19.000000 -69.285714 -71.428571 0.000000 40.000000

mayhew north america equal area proxy source 163
10.000000 -175.000000 2.000000 2.000000 400.000000 36 66
1 1 1 1
0.1 1.50 -2.0 2.0 0.080
2 1 1.000000000e+00 33.947611 111.785714
0 1 1 0.0 0.0
21.000000 19.000000 -67.142857 -69.285714 0.000000 40.000000

mayhew north america equal area proxy source 164
10.000000 -175.000000 2.000000 2.000000 400.000000 36 66
1 1 1 1
0.1 1.50 -2.0 2.0 0.080
2 1 1.000000000e+00 33.947611 113.928571
0 1 1 0.0 0.0
21.000000 19.000000 -65.000000 -67.142857 0.000000 40.000000

mayhew north america equal area proxy source 165
10.000000 -175.000000 2.000000 2.000000 400.000000 36 66
1 1 1 1
0.1 1.50 -2.0 2.0 0.080
2 1 1.000000000e+00 33.947611 116.071429
0 1 1 0.0 0.0
21.000000 19.000000 -62.857143 -65.000000 0.000000 40.000000

mayhew north america equal area proxy source 166
10.000000 -175.000000 2.000000 2.000000 400.000000 36 66
1 1 1 1
0.1 1.50 -2.0 2.0 0.080
2 1 1.000000000e+00 33.947611 118.214286
0 1 1 0.0 0.0
21.000000 19.000000 -60.714286 -62.857143 0.000000 40.000000

mayhew north america equal area proxy source 167
10.000000 -175.000000 2.000000 2.000000 400.000000 36 66
1 1 1 1
0.1 1.50 -2.0 2.0 0.080
2 1 1.000000000e+00 33.947611 120.357143
0 1 1 0.0 0.0
21.000000 19.000000 -58.571429 -60.714286 0.000000 40.000000

mayhew north america equal area proxy source 168
10.000000 -175.000000 2.000000 2.000000 400.000000 36 66
1 1 1 1
0.1 1.50 -2.0 2.0 0.080
2 1 1.000000000e+00 33.947611 122.500000
0 1 1 0.0 0.0
21.000000 19.000000 -56.428571 -58.571429 0.000000 40.000000

mayhew north america equal area proxy source 169
10.000000 -175.000000 2.000000 2.000000 400.000000 36 66
1 1 1 1
0.1 1.50 -2.0 2.0 0.080
2 1 1.000000000e+00 33.947611 124.642857
0 1 1 0.0 0.0
21.000000 19.000000 -54.285714 -56.428571 0.000000 40.000000

mayhew north america equal area proxy source 170
10.000000 -175.000000 2.000000 2.000000 400.000000 36 66
1 1 1 1
0.1 1.50 -2.0 2.0 0.080
2 1 1.000000000e+00 33.947611 126.785714
0 1 1 0.0 0.0
21.000000 19.000000 -52.142857 -54.285714 0.000000 40.000000

mayhew north america equal area proxy source 171
10.000000 -175.000000 2.000000 2.000000 400.000000 36 66
1 1 1 1
0.1 1.50 -2.0 2.0 0.080
2 1 1.000000000e+00 33.947611 128.928571
0 1 1 0.0 0.0
21.000000 19.000000 -50.000000 -52.142857 0.000000 40.000000

mayhew north america equal area proxy source 172
10.000000 -175.000000 2.000000 2.000000 400.000000 36 66
1 1 1 1
0.1 1.50 -2.0 2.0 0.080
2 1 2.500000000e-01 29.059971 11.071429
0 1 1 0.0 0.0
23.000000 21.000000 -167.857143 -170.000000 0.000000 40.000000

mayhew north america equal area proxy source 173
10.000000 -175.000000 2.000000 2.000000 400.000000 36 66
1 1 1 1
0.1 1.50 -2.0 2.0 0.080
2 1 2.500000000e-01 29.059971 13.214286
0 1 1 0.0 0.0
23.000000 21.000000 -165.714286 -167.857143 0.000000 40.000000

mayhew north america equal area proxy source 174
10.000000 -175.000000 2.000000 2.000000 400.000000 36 66
1 1 1 1
0.1 1.50 -2.0 2.0 0.080
2 1 2.500000000e-01 29.059971 15.357143
0 1 1 0.0 0.0
23.000000 21.000000 -163.571429 -165.714286 0.000000 40.000000

mayhew north america equal area proxy source 175
10.000000 -175.000000 2.000000 2.000000 400.000000 36 66
1 1 1 1
0.1 1.50 -2.0 2.0 0.080
2 1 2.500000000e-01 29.059971 17.500000
0 1 1 0.0 0.0
23.000000 21.000000 -161.428571 -163.571429 0.000000 40.000000

mayhew north america equal area proxy source 176
10.000000 -175.000000 2.000000 2.000000 400.000000 36 66
1 1 1 1
0.1 1.50 -2.0 2.0 0.080
2 1 2.500000000e-01 29.059971 19.642857
0 1 1 0.0 0.0
23.000000 21.000000 -159.285714 -161.428571 0.000000 40.000000

mayhew north america equal area proxy source 177
10.000000 -175.000000 2.000000 2.000000 400.000000 36 66
1 1 1 1
0.1 1.50 -2.0 2.0 0.080
2 1 2.500000000e-01 29.059971 21.785714
0 1 1 0.0 0.0
23.000000 21.000000 -157.142857 -159.285714 0.000000 40.000000

mayhew north america equal area proxy source 178
10.000000 -175.000000 2.000000 2.000000 400.000000 36 66
1 1 1 1
0.1 1.50 -2.0 2.0 0.080
2 1 2.500000000e-01 29.059971 23.928571
0 1 1 0.0 0.0
23.000000 21.000000 -155.000000 -157.142857 0.000000 40.000000

mayhew north america equal area proxy source 179
10.000000 -175.000000 2.000000 2.000000 400.000000 36 66
1 1 1 1
0.1 1.50 -2.0 2.0 0.080
2 1 2.500000000e-01 29.059971 26.071429
0 1 1 0.0 0.0
23.000000 21.000000 -152.857143 -155.000000 0.000000 40.000000

mayhew north america equal area proxy source 180
10.000000 -175.000000 2.000000 2.000000 400.000000 36 66
1 1 1 1
0.1 1.50 -2.0 2.0 0.080
2 1 2.500000000e-01 29.059971 28.214286
0 1 1 0.0 0.0
23.000000 21.000000 -150.714286 -152.857143 0.000000 40.000000

mayhew north america equal area proxy source 181
10.000000 -175.000000 2.000000 2.000000 400.000000 36 66
1 1 1 1
0.1 1.50 -2.0 2.0 0.080
2 1 2.500000000e-01 29.059971 30.357143
0 1 1 0.0 0.0
23.000000 21.000000 -148.571429 -150.714286 0.000000 40.000000

mayhew north america equal area proxy source 182
10.000000 -175.000000 2.000000 2.000000 400.000000 36 66
1 1 1 1
0.1 1.50 -2.0 2.0 0.080
2 1 2.500000000e-01 29.059971 32.500000
0 1 1 0.0 0.0
23.000000 21.000000 -146.428571 -148.571429 0.000000 40.000000

mayhew north america equal area proxy source 183
10.000000 -175.000000 2.000000 2.000000 400.000000 36 66
1 1 1 1
0.1 1.50 -2.0 2.0 0.080
2 1 2.500000000e-01 29.059971 34.642857
0 1 1 0.0 0.0
23.000000 21.000000 -144.285714 -146.428571 0.000000 40.000000

mayhew north america equal area proxy source 184
10.000000 -175.000000 2.000000 2.000000 400.000000 36 66
1 1 1 1
0.1 1.50 -2.0 2.0 0.080
2 1 2.500000000e-01 29.059971 36.785714
0 1 1 0.0 0.0
23.000000 21.000000 -142.142857 -144.285714 0.000000 40.000000

mayhew north america equal area proxy source 185
10.000000 -175.000000 2.000000 2.000000 400.000000 36 66
1 1 1 1
0.1 1.50 -2.0 2.0 0.080
2 1 2.500000000e-01 29.059971 38.928571
0 1 1 0.0 0.0
23.000000 21.000000 -140.000000 -142.142857 0.000000 40.000000

mayhew north america equal area proxy source 186
10.000000 -175.000000 2.000000 2.000000 400.000000 36 66
1 1 1 1
0.1 1.50 -2.0 2.0 0.080
2 1 2.500000000e-01 29.059971 41.071429
0 1 1 0.0 0.0
23.000000 21.000000 -137.857143 -140.000000 0.000000 40.000000

mayhew north america equal area proxy source 187
10.000000 -175.000000 2.000000 2.000000 400.000000 36 66
1 1 1 1
0.1 1.50 -2.0 2.0 0.080
2 1 2.500000000e-01 29.059971 43.214286
0 1 1 0.0 0.0
23.000000 21.000000 -135.714286 -137.857143 0.000000 40.000000

mayhew north america equal area proxy source 188
10.000000 -175.000000 2.000000 2.000000 400.000000 36 66
1 1 1 1
0.1 1.50 -2.0 2.0 0.080
2 1 2.500000000e-01 29.059971 45.357143
0 1 1 0.0 0.0
23.000000 21.000000 -133.571429 -135.714286 0.000000 40.000000

mayhew north america equal area proxy source 189
10.000000 -175.000000 2.000000 2.000000 400.000000 36 66
1 1 1 1
0.1 1.50 -2.0 2.0 0.080
2 1 2.500000000e-01 29.059971 47.500000
0 1 1 0.0 0.0
23.000000 21.000000 -131.428571 -133.571429 0.000000 40.000000

mayhew north america equal area proxy source 190
10.000000 -175.000000 2.000000 2.000000 400.000000 36 66
1 1 1 1
0.1 1.50 -2.0 2.0 0.080
2 1 2.500000000e-01 29.059971 49.642857
0 1 1 0.0 0.0
23.000000 21.000000 -129.285714 -131.428571 0.000000 40.000000

mayhew north america equal area proxy source 191
10.000000 -175.000000 2.000000 2.000000 400.000000 36 66
1 1 1 1
0.1 1.50 -2.0 2.0 0.080
2 1 2.500000000e-01 29.059971 51.785714
0 1 1 0.0 0.0
23.000000 21.000000 -127.142857 -129.285714 0.000000 40.000000

mayhew north america equal area proxy source 192
10.000000 -175.000000 2.000000 2.000000 400.000000 36 66
1 1 1 1
0.1 1.50 -2.0 2.0 0.080
2 1 2.500000000e-01 29.059971 53.928571
0 1 1 0.0 0.0
23.000000 21.000000 -125.000000 -127.142857 0.000000 40.000000

mayhew north america equal area proxy source 193
10.000000 -175.000000 2.000000 2.000000 400.000000 36 66
1 1 1 1
0.1 1.50 -2.0 2.0 0.080
2 1 2.500000000e-01 29.059971 56.071429
0 1 1 0.0 0.0
23.000000 21.000000 -122.857143 -125.000000 0.000000 40.000000

mayhew north america equal area proxy source 194
10.000000 -175.000000 2.000000 2.000000 400.000000 36 66
1 1 1 1
0.1 1.50 -2.0 2.0 0.080
2 1 2.500000000e-01 29.059971 58.214286
0 1 1 0.0 0.0
23.000000 21.000000 -120.714286 -122.857143 0.000000 40.000000

mayhew north america equal area proxy source 195
10.000000 -175.000000 2.000000 2.000000 400.000000 36 66
1 1 1 1
0.1 1.50 -2.0 2.0 0.080
2 1 2.500000000e-01 29.059971 60.357143
0 1 1 0.0 0.0
23.000000 21.000000 -118.571429 -120.714286 0.000000 40.000000

mayhew north america equal area proxy source 196
10.000000 -175.000000 2.000000 2.000000 400.000000 36 66
1 1 1 1
0.1 1.50 -2.0 2.0 0.080
2 1 2.500000000e-01 29.059971 62.500000
0 1 1 0.0 0.0
23.000000 21.000000 -116.428571 -118.571429 0.000000 40.000000

mayhew north america equal area proxy source 197
10.000000 -175.000000 2.000000 2.000000 400.000000 36 66
1 1 1 1
0.1 1.50 -2.0 2.0 0.080
2 1 2.500000000e-01 29.059971 64.642857
0 1 1 0.0 0.0
23.000000 21.000000 -114.285714 -116.428571 0.000000 40.000000

mayhew north america equal area proxy source 198
10.000000 -175.000000 2.000000 2.000000 400.000000 36 66
1 1 1 1
0.1 1.50 -2.0 2.0 0.080
2 1 2.500000000e-01 29.059971 66.785714
0 1 1 0.0 0.0
23.000000 21.000000 -112.142857 -114.285714 0.000000 40.000000

mayhew north america equal area proxy source 199
10.000000 -175.000000 2.000000 2.000000 400.000000 36 66
1 1 1 1
0.1 1.50 -2.0 2.0 0.080
2 1 2.500000000e-01 29.059971 68.928571
0 1 1 0.0 0.0
23.000000 21.000000 -110.000000 -112.142857 0.000000 40.000000

mayhew north america equal area proxy source 200
10.000000 -175.000000 2.000000 2.000000 400.000000 36 66
1 1 1 1
0.1 1.50 -2.0 2.0 0.080
2 1 2.500000000e-01 29.059971 71.071429
0 1 1 0.0 0.0
23.000000 21.000000 -107.857143 -110.000000 0.000000 40.000000

mayhew north america equal area proxy source 201
10.000000 -175.000000 2.000000 2.000000 400.000000 36 66
1 1 1 1
0.1 1.50 -2.0 2.0 0.080
2 1 2.500000000e-01 29.059971 73.214286
0 1 1 0.0 0.0
23.000000 21.000000 -105.714286 -107.857143 0.000000 40.000000

mayhew north america equal area proxy source 202
10.000000 -175.000000 2.000000 2.000000 400.000000 36 66
1 1 1 1
0.1 1.50 -2.0 2.0 0.080
2 1 7.500000000e-01 29.059971 75.357143
0 1 1 0.0 0.0
23.000000 21.000000 -103.571429 -105.714286 0.000000 40.000000

mayhew north america equal area proxy source 203
10.000000 -175.000000 2.000000 2.000000 400.000000 36 66
1 1 1 1
0.1 1.50 -2.0 2.0 0.080
2 1 7.500000000e-01 29.059971 77.500000
0 1 1 0.0 0.0
23.000000 21.000000 -101.428571 -103.571429 0.000000 40.000000

mayhew north america equal area proxy source 204
10.000000 -175.000000 2.000000 2.000000 400.000000 36 66
1 1 1 1
0.1 1.50 -2.0 2.0 0.080
2 1 7.500000000e-01 29.059971 79.642857
0 1 1 0.0 0.0
23.000000 21.000000 -99.285714 -101.428571 0.000000 40.000000

mayhew north america equal area proxy source 205
10.000000 -175.000000 2.000000 2.000000 400.000000 36 66
1 1 1 1
0.1 1.50 -2.0 2.0 0.080
2 1 7.500000000e-01 29.059971 81.785714
0 1 1 0.0 0.0
23.000000 21.000000 -97.142857 -99.285714 0.000000 40.000000

mayhew north america equal area proxy source 206
10.000000 -175.000000 2.000000 2.000000 400.000000 36 66
1 1 1 1
0.1 1.50 -2.0 2.0 0.080
2 1 7.500000000e-01 29.059971 83.928571
0 1 1 0.0 0.0
23.000000 21.000000 -95.000000 -97.142857 0.000000 40.000000

mayhew north america equal area proxy source 207
10.000000 -175.000000 2.000000 2.000000 400.000000 36 66
1 1 1 1
0.1 1.50 -2.0 2.0 0.080
2 1 7.500000000e-01 29.059971 86.071429
0 1 1 0.0 0.0
23.000000 21.000000 -92.857143 -95.000000 0.000000 40.000000

mayhew north america equal area proxy source 208
10.000000 -175.000000 2.000000 2.000000 400.000000 36 66
1 1 1 1
0.1 1.50 -2.0 2.0 0.080
2 1 7.500000000e-01 29.059971 88.214286
0 1 1 0.0 0.0
23.000000 21.000000 -90.714286 -92.857143 0.000000 40.000000

mayhew north america equal area proxy source 209
10.000000 -175.000000 2.000000 2.000000 400.000000 36 66
1 1 1 1
0.1 1.50 -2.0 2.0 0.080
2 1 7.500000000e-01 29.059971 90.357143
0 1 1 0.0 0.0
23.000000 21.000000 -88.571429 -90.714286 0.000000 40.000000

mayhew north america equal area proxy source 210
10.000000 -175.000000 2.000000 2.000000 400.000000 36 66
1 1 1 1
0.1 1.50 -2.0 2.0 0.080
2 1 7.500000000e-01 29.059971 92.500000
0 1 1 0.0 0.0
23.000000 21.000000 -86.428571 -88.571429 0.000000 40.000000

mayhew north america equal area proxy source 211
10.000000 -175.000000 2.000000 2.000000 400.000000 36 66
1 1 1 1
0.1 1.50 -2.0 2.0 0.080
2 1 7.500000000e-01 29.059971 94.642857
0 1 1 0.0 0.0
23.000000 21.000000 -84.285714 -86.428571 0.000000 40.000000

mayhew north america equal area proxy source 212
10.000000 -175.000000 2.000000 2.000000 400.000000 36 66
1 1 1 1
0.1 1.50 -2.0 2.0 0.080
2 1 1.000000000e+00 29.059971 96.785714
0 1 1 0.0 0.0
23.000000 21.000000 -82.142857 -84.285714 0.000000 40.000000

mayhew north america equal area proxy source 213
10.000000 -175.000000 2.000000 2.000000 400.000000 36 66
1 1 1 1
0.1 1.50 -2.0 2.0 0.080
2 1 1.000000000e+00 29.059971 98.928571
0 1 1 0.0 0.0
23.000000 21.000000 -80.000000 -82.142857 0.000000 40.000000

mayhew north america equal area proxy source 214
10.000000 -175.000000 2.000000 2.000000 400.000000 36 66
1 1 1 1
0.1 1.50 -2.0 2.0 0.080
2 1 1.000000000e+00 29.059971 101.071429
0 1 1 0.0 0.0
23.000000 21.000000 -77.857143 -80.000000 0.000000 40.000000

mayhew north america equal area proxy source 215
10.000000 -175.000000 2.000000 2.000000 400.000000 36 66
1 1 1 1
0.1 1.50 -2.0 2.0 0.080
2 1 1.000000000e+00 29.059971 103.214286
0 1 1 0.0 0.0
23.000000 21.000000 -75.714286 -77.857143 0.000000 40.000000

mayhew north america equal area proxy source 216
10.000000 -175.000000 2.000000 2.000000 400.000000 36 66
1 1 1 1
0.1 1.50 -2.0 2.0 0.080
2 1 1.000000000e+00 29.059971 105.357143
0 1 1 0.0 0.0
23.000000 21.000000 -73.571429 -75.714286 0.000000 40.000000

mayhew north america equal area proxy source 217
10.000000 -175.000000 2.000000 2.000000 400.000000 36 66
1 1 1 1
0.1 1.50 -2.0 2.0 0.080
2 1 1.000000000e+00 29.059971 107.500000
0 1 1 0.0 0.0
23.000000 21.000000 -71.428571 -73.571429 0.000000 40.000000

mayhew north america equal area proxy source 218
10.000000 -175.000000 2.000000 2.000000 400.000000 36 66
1 1 1 1
0.1 1.50 -2.0 2.0 0.080
2 1 1.000000000e+00 29.059971 109.642857
0 1 1 0.0 0.0
23.000000 21.000000 -69.285714 -71.428571 0.000000 40.000000

mayhew north america equal area proxy source 219
10.000000 -175.000000 2.000000 2.000000 400.000000 36 66
1 1 1 1
0.1 1.50 -2.0 2.0 0.080
2 1 1.000000000e+00 29.059971 111.785714
0 1 1 0.0 0.0
23.000000 21.000000 -67.142857 -69.285714 0.000000 40.000000

mayhew north america equal area proxy source 220
10.000000 -175.000000 2.000000 2.000000 400.000000 36 66
1 1 1 1
0.1 1.50 -2.0 2.0 0.080
2 1 1.000000000e+00 29.059971 113.928571
0 1 1 0.0 0.0
23.000000 21.000000 -65.000000 -67.142857 0.000000 40.000000

mayhew north america equal area proxy source 221
10.000000 -175.000000 2.000000 2.000000 400.000000 36 66
1 1 1 1
0.1 1.50 -2.0 2.0 0.080
2 1 1.000000000e+00 29.059971 116.071429
0 1 1 0.0 0.0
23.000000 21.000000 -62.857143 -65.000000 0.000000 40.000000

mayhew north america equal area proxy source 222
10.000000 -175.000000 2.000000 2.000000 400.000000 36 66
1 1 1 1
0.1 1.50 -2.0 2.0 0.080
2 1 1.000000000e+00 29.059971 118.214286
0 1 1 0.0 0.0
23.000000 21.000000 -60.714286 -62.857143 0.000000 40.000000

mayhew north america equal area proxy source 223
10.000000 -175.000000 2.000000 2.000000 400.000000 36 66
1 1 1 1
0.1 1.50 -2.0 2.0 0.080
2 1 1.000000000e+00 29.059971 120.357143
0 1 1 0.0 0.0
23.000000 21.000000 -58.571429 -60.714286 0.000000 40.000000

mayhew north america equal area proxy source 224
10.000000 -175.000000 2.000000 2.000000 400.000000 36 66
1 1 1 1
0.1 1.50 -2.0 2.0 0.080
2 1 1.000000000e+00 29.059971 122.500000
0 1 1 0.0 0.0
23.000000 21.000000 -56.428571 -58.571429 0.000000 40.000000

mayhew north america equal area proxy source 225
10.000000 -175.000000 2.000000 2.000000 400.000000 36 66
1 1 1 1
0.1 1.50 -2.0 2.0 0.080
2 1 1.000000000e+00 29.059971 124.642857
0 1 1 0.0 0.0
23.000000 21.000000 -54.285714 -56.428571 0.000000 40.000000

mayhew north america equal area proxy source 226
10.000000 -175.000000 2.000000 2.000000 400.000000 36 66
1 1 1 1
0.1 1.50 -2.0 2.0 0.080
2 1 1.000000000e+00 29.059971 126.785714
0 1 1 0.0 0.0
23.000000 21.000000 -52.142857 -54.285714 0.000000 40.000000

mayhew north america equal area proxy source 227
10.000000 -175.000000 2.000000 2.000000 400.000000 36 66
1 1 1 1
0.1 1.50 -2.0 2.0 0.080
2 1 1.000000000e+00 29.059971 128.928571
0 1 1 0.0 0.0
23.000000 21.000000 -50.000000 -52.142857 0.000000 40.000000

mayhew north america equal area proxy source 228
10.000000 -175.000000 2.000000 2.000000 400.000000 36 66
1 1 1 1
0.1 1.50 -2.0 2.0 0.080
2 1 2.500000000e-01 24.316298 11.090909
0 1 1 0.0 0.0
25.000000 23.000000 -167.818182 -170.000000 0.000000 40.000000

mayhew north america equal area proxy source 229
10.000000 -175.000000 2.000000 2.000000 400.000000 36 66
1 1 1 1
0.1 1.50 -2.0 2.0 0.080
2 1 2.500000000e-01 24.316298 13.272727
0 1 1 0.0 0.0
25.000000 23.000000 -165.636364 -167.818182 0.000000 40.000000

mayhew north america equal area proxy source 230
10.000000 -175.000000 2.000000 2.000000 400.000000 36 66
1 1 1 1
0.1 1.50 -2.0 2.0 0.080
2 1 2.500000000e-01 24.316298 15.454545
0 1 1 0.0 0.0
25.000000 23.000000 -163.454545 -165.636364 0.000000 40.000000

mayhew north america equal area proxy source 231
10.000000 -175.000000 2.000000 2.000000 400.000000 36 66
1 1 1 1
0.1 1.50 -2.0 2.0 0.080
2 1 2.500000000e-01 24.316298 17.636364
0 1 1 0.0 0.0
25.000000 23.000000 -161.272727 -163.454545 0.000000 40.000000

mayhew north america equal area proxy source 232
10.000000 -175.000000 2.000000 2.000000 400.000000 36 66
1 1 1 1
0.1 1.50 -2.0 2.0 0.080
2 1 2.500000000e-01 24.316298 19.818182
0 1 1 0.0 0.0
25.000000 23.000000 -159.090909 -161.272727 0.000000 40.000000

mayhew north america equal area proxy source 233
10.000000 -175.000000 2.000000 2.000000 400.000000 36 66
1 1 1 1
0.1 1.50 -2.0 2.0 0.080
2 1 2.500000000e-01 24.316298 22.000000
0 1 1 0.0 0.0
25.000000 23.000000 -156.909091 -159.090909 0.000000 40.000000

mayhew north america equal area proxy source 234
10.000000 -175.000000 2.000000 2.000000 400.000000 36 66
1 1 1 1
0.1 1.50 -2.0 2.0 0.080
2 1 2.500000000e-01 24.316298 24.181818
0 1 1 0.0 0.0
25.000000 23.000000 -154.727273 -156.909091 0.000000 40.000000

mayhew north america equal area proxy source 235
10.000000 -175.000000 2.000000 2.000000 400.000000 36 66
1 1 1 1
0.1 1.50 -2.0 2.0 0.080
2 1 2.500000000e-01 24.316298 26.363636
0 1 1 0.0 0.0
25.000000 23.000000 -152.545455 -154.727273 0.000000 40.000000

mayhew north america equal area proxy source 236
10.000000 -175.000000 2.000000 2.000000 400.000000 36 66
1 1 1 1
0.1 1.50 -2.0 2.0 0.080
2 1 2.500000000e-01 24.316298 28.545455
0 1 1 0.0 0.0
25.000000 23.000000 -150.363636 -152.545455 0.000000 40.000000

mayhew north america equal area proxy source 237
10.000000 -175.000000 2.000000 2.000000 400.000000 36 66
1 1 1 1
0.1 1.50 -2.0 2.0 0.080
2 1 2.500000000e-01 24.316298 30.727273
0 1 1 0.0 0.0
25.000000 23.000000 -148.181818 -150.363636 0.000000 40.000000

mayhew north america equal area proxy source 238
10.000000 -175.000000 2.000000 2.000000 400.000000 36 66
1 1 1 1
0.1 1.50 -2.0 2.0 0.080
2 1 2.500000000e-01 24.316298 32.909091
0 1 1 0.0 0.0
25.000000 23.000000 -146.000000 -148.181818 0.000000 40.000000

mayhew north america equal area proxy source 239
10.000000 -175.000000 2.000000 2.000000 400.000000 36 66
1 1 1 1
0.1 1.50 -2.0 2.0 0.080
2 1 2.500000000e-01 24.316298 35.090909
0 1 1 0.0 0.0
25.000000 23.000000 -143.818182 -146.000000 0.000000 40.000000

mayhew north america equal area proxy source 240
10.000000 -175.000000 2.000000 2.000000 400.000000 36 66
1 1 1 1
0.1 1.50 -2.0 2.0 0.080
2 1 2.500000000e-01 24.316298 37.272727
0 1 1 0.0 0.0
25.000000 23.000000 -141.636364 -143.818182 0.000000 40.000000

mayhew north america equal area proxy source 241
10.000000 -175.000000 2.000000 2.000000 400.000000 36 66
1 1 1 1
0.1 1.50 -2.0 2.0 0.080
2 1 2.500000000e-01 24.316298 39.454545
0 1 1 0.0 0.0
25.000000 23.000000 -139.454545 -141.636364 0.000000 40.000000

mayhew north america equal area proxy source 242
10.000000 -175.000000 2.000000 2.000000 400.000000 36 66
1 1 1 1
0.1 1.50 -2.0 2.0 0.080
2 1 2.500000000e-01 24.316298 41.636364
0 1 1 0.0 0.0
25.000000 23.000000 -137.272727 -139.454545 0.000000 40.000000

mayhew north america equal area proxy source 243
10.000000 -175.000000 2.000000 2.000000 400.000000 36 66
1 1 1 1
0.1 1.50 -2.0 2.0 0.080
2 1 2.500000000e-01 24.316298 43.818182
0 1 1 0.0 0.0
25.000000 23.000000 -135.090909 -137.272727 0.000000 40.000000

mayhew north america equal area proxy source 244
10.000000 -175.000000 2.000000 2.000000 400.000000 36 66
1 1 1 1
0.1 1.50 -2.0 2.0 0.080
2 1 2.500000000e-01 24.316298 46.000000
0 1 1 0.0 0.0
25.000000 23.000000 -132.909091 -135.090909 0.000000 40.000000

mayhew north america equal area proxy source 245
10.000000 -175.000000 2.000000 2.000000 400.000000 36 66
1 1 1 1
0.1 1.50 -2.0 2.0 0.080
2 1 2.500000000e-01 24.316298 48.181818
0 1 1 0.0 0.0
25.000000 23.000000 -130.727273 -132.909091 0.000000 40.000000

mayhew north america equal area proxy source 246
10.000000 -175.000000 2.000000 2.000000 400.000000 36 66
1 1 1 1
0.1 1.50 -2.0 2.0 0.080
2 1 2.500000000e-01 24.316298 50.363636
0 1 1 0.0 0.0
25.000000 23.000000 -128.545455 -130.727273 0.000000 40.000000

mayhew north america equal area proxy source 247
10.000000 -175.000000 2.000000 2.000000 400.000000 36 66
1 1 1 1
0.1 1.50 -2.0 2.0 0.080
2 1 2.500000000e-01 24.316298 52.545455
0 1 1 0.0 0.0
25.000000 23.000000 -126.363636 -128.545455 0.000000 40.000000

mayhew north america equal area proxy source 248
10.000000 -175.000000 2.000000 2.000000 400.000000 36 66
1 1 1 1
0.1 1.50 -2.0 2.0 0.080
2 1 2.500000000e-01 24.316298 54.727273
0 1 1 0.0 0.0
25.000000 23.000000 -124.181818 -126.363636 0.000000 40.000000

mayhew north america equal area proxy source 249
10.000000 -175.000000 2.000000 2.000000 400.000000 36 66
1 1 1 1
0.1 1.50 -2.0 2.0 0.080
2 1 2.500000000e-01 24.316298 56.909091
0 1 1 0.0 0.0
25.000000 23.000000 -122.000000 -124.181818 0.000000 40.000000

mayhew north america equal area proxy source 250
10.000000 -175.000000 2.000000 2.000000 400.000000 36 66
1 1 1 1
0.1 1.50 -2.0 2.0 0.080
2 1 2.500000000e-01 24.316298 59.090909
0 1 1 0.0 0.0
25.000000 23.000000 -119.818182 -122.000000 0.000000 40.000000

mayhew north america equal area proxy source 251
10.000000 -175.000000 2.000000 2.000000 400.000000 36 66
1 1 1 1
0.1 1.50 -2.0 2.0 0.080
2 1 2.500000000e-01 24.316298 61.272727
0 1 1 0.0 0.0
25.000000 23.000000 -117.636364 -119.818182 0.000000 40.000000

mayhew north america equal area proxy source 252
10.000000 -175.000000 2.000000 2.000000 400.000000 36 66
1 1 1 1
0.1 1.50 -2.0 2.0 0.080
2 1 2.500000000e-01 24.316298 63.454545
0 1 1 0.0 0.0
25.000000 23.000000 -115.454545 -117.636364 0.000000 40.000000

mayhew north america equal area proxy source 253
10.000000 -175.000000 2.000000 2.000000 400.000000 36 66
1 1 1 1
0.1 1.50 -2.0 2.0 0.080
2 1 2.500000000e-01 24.316298 65.636364
0 1 1 0.0 0.0
25.000000 23.000000 -113.272727 -115.454545 0.000000 40.000000

mayhew north america equal area proxy source 254
10.000000 -175.000000 2.000000 2.000000 400.000000 36 66
1 1 1 1
0.1 1.50 -2.0 2.0 0.080
2 1 2.500000000e-01 24.316298 67.818182
0 1 1 0.0 0.0
25.000000 23.000000 -111.090909 -113.272727 0.000000 40.000000

mayhew north america equal area proxy source 255
10.000000 -175.000000 2.000000 2.000000 400.000000 36 66
1 1 1 1
0.1 1.50 -2.0 2.0 0.080
2 1 2.500000000e-01 24.316298 70.000000
0 1 1 0.0 0.0
25.000000 23.000000 -108.909091 -111.090909 0.000000 40.000000

mayhew north america equal area proxy source 256
10.000000 -175.000000 2.000000 2.000000 400.000000 36 66
1 1 1 1
0.1 1.50 -2.0 2.0 0.080
2 1 2.500000000e-01 24.316298 72.181818
0 1 1 0.0 0.0
25.000000 23.000000 -106.727273 -108.909091 0.000000 40.000000

mayhew north america equal area proxy source 257
10.000000 -175.000000 2.000000 2.000000 400.000000 36 66
1 1 1 1
0.1 1.50 -2.0 2.0 0.080
2 1 2.500000000e-01 24.316298 74.363636
0 1 1 0.0 0.0
25.000000 23.000000 -104.545455 -106.727273 0.000000 40.000000

mayhew north america equal area proxy source 258
10.000000 -175.000000 2.000000 2.000000 400.000000 36 66
1 1 1 1
0.1 1.50 -2.0 2.0 0.080
2 1 7.500000000e-01 24.316298 76.545455
0 1 1 0.0 0.0
25.000000 23.000000 -102.363636 -104.545455 0.000000 40.000000

mayhew north america equal area proxy source 259
10.000000 -175.000000 2.000000 2.000000 400.000000 36 66
1 1 1 1
0.1 1.50 -2.0 2.0 0.080
2 1 7.500000000e-01 24.316298 78.727273
0 1 1 0.0 0.0
25.000000 23.000000 -100.181818 -102.363636 0.000000 40.000000

mayhew north america equal area proxy source 260
10.000000 -175.000000 2.000000 2.000000 400.000000 36 66
1 1 1 1
0.1 1.50 -2.0 2.0 0.080
2 1 7.500000000e-01 24.316298 80.909091
0 1 1 0.0 0.0
25.000000 23.000000 -98.000000 -100.181818 0.000000 40.000000

mayhew north america equal area proxy source 261
10.000000 -175.000000 2.000000 2.000000 400.000000 36 66
1 1 1 1
0.1 1.50 -2.0 2.0 0.080
2 1 7.500000000e-01 24.316298 83.090909
0 1 1 0.0 0.0
25.000000 23.000000 -95.818182 -98.000000 0.000000 40.000000

mayhew north america equal area proxy source 262
10.000000 -175.000000 2.000000 2.000000 400.000000 36 66
1 1 1 1
0.1 1.50 -2.0 2.0 0.080
2 1 7.500000000e-01 24.316298 85.272727
0 1 1 0.0 0.0
25.000000 23.000000 -93.636364 -95.818182 0.000000 40.000000

mayhew north america equal area proxy source 263
10.000000 -175.000000 2.000000 2.000000 400.000000 36 66
1 1 1 1
0.1 1.50 -2.0 2.0 0.080
2 1 7.500000000e-01 24.316298 87.454545
0 1 1 0.0 0.0
25.000000 23.000000 -91.454545 -93.636364 0.000000 40.000000

mayhew north america equal area proxy source 264
10.000000 -175.000000 2.000000 2.000000 400.000000 36 66
1 1 1 1
0.1 1.50 -2.0 2.0 0.080
2 1 7.500000000e-01 24.316298 89.636364
0 1 1 0.0 0.0
25.000000 23.000000 -89.272727 -91.454545 0.000000 40.000000

mayhew north america equal area proxy source 265
10.000000 -175.000000 2.000000 2.000000 400.000000 36 66
1 1 1 1
0.1 1.50 -2.0 2.0 0.080
2 1 7.500000000e-01 24.316298 91.818182
0 1 1 0.0 0.0
25.000000 23.000000 -87.090909 -89.272727 0.000000 40.000000

mayhew north america equal area proxy source 266
10.000000 -175.000000 2.000000 2.000000 400.000000 36 66
1 1 1 1
0.1 1.50 -2.0 2.0 0.080
2 1 7.500000000e-01 24.316298 94.000000
0 1 1 0.0 0.0
25.000000 23.000000 -84.909091 -87.090909 0.000000 40.000000

mayhew north america equal area proxy source 267
10.000000 -175.000000 2.000000 2.000000 400.000000 36 66
1 1 1 1
0.1 1.50 -2.0 2.0 0.080
2 1 1.000000000e+00 24.316298 96.181818
0 1 1 0.0 0.0
25.000000 23.000000 -82.727273 -84.909091 0.000000 40.000000

mayhew north america equal area proxy source 268
10.000000 -175.000000 2.000000 2.000000 400.000000 36 66
1 1 1 1
0.1 1.50 -2.0 2.0 0.080
2 1 1.000000000e+00 24.316298 98.363636
0 1 1 0.0 0.0
25.000000 23.000000 -80.545455 -82.727273 0.000000 40.000000

mayhew north america equal area proxy source 269
10.000000 -175.000000 2.000000 2.000000 400.000000 36 66
1 1 1 1
0.1 1.50 -2.0 2.0 0.080
2 1 1.000000000e+00 24.316298 100.545455
0 1 1 0.0 0.0
25.000000 23.000000 -78.363636 -80.545455 0.000000 40.000000

mayhew north america equal area proxy source 270
10.000000 -175.000000 2.000000 2.000000 400.000000 36 66
1 1 1 1
0.1 1.50 -2.0 2.0 0.080
2 1 1.000000000e+00 24.316298 102.727273
0 1 1 0.0 0.0
25.000000 23.000000 -76.181818 -78.363636 0.000000 40.000000

mayhew north america equal area proxy source 271
10.000000 -175.000000 2.000000 2.000000 400.000000 36 66
1 1 1 1
0.1 1.50 -2.0 2.0 0.080
2 1 1.000000000e+00 24.316298 104.909091
0 1 1 0.0 0.0
25.000000 23.000000 -74.000000 -76.181818 0.000000 40.000000

mayhew north america equal area proxy source 272
10.000000 -175.000000 2.000000 2.000000 400.000000 36 66
1 1 1 1
0.1 1.50 -2.0 2.0 0.080
2 1 1.000000000e+00 24.316298 107.090909
0 1 1 0.0 0.0
25.000000 23.000000 -71.818182 -74.000000 0.000000 40.000000

mayhew north america equal area proxy source 273
10.000000 -175.000000 2.000000 2.000000 400.000000 36 66
1 1 1 1
0.1 1.50 -2.0 2.0 0.080
2 1 1.000000000e+00 24.316298 109.272727
0 1 1 0.0 0.0
25.000000 23.000000 -69.636364 -71.818182 0.000000 40.000000

mayhew north america equal area proxy source 274
10.000000 -175.000000 2.000000 2.000000 400.000000 36 66
1 1 1 1
0.1 1.50 -2.0 2.0 0.080
2 1 1.000000000e+00 24.316298 111.454545
0 1 1 0.0 0.0
25.000000 23.000000 -67.454545 -69.636364 0.000000 40.000000

mayhew north america equal area proxy source 275
10.000000 -175.000000 2.000000 2.000000 400.000000 36 66
1 1 1 1
0.1 1.50 -2.0 2.0 0.080
2 1 1.000000000e+00 24.316298 113.636364
0 1 1 0.0 0.0
25.000000 23.000000 -65.272727 -67.454545 0.000000 40.000000

mayhew north america equal area proxy source 276
10.000000 -175.000000 2.000000 2.000000 400.000000 36 66
1 1 1 1
0.1 1.50 -2.0 2.0 0.080
2 1 1.000000000e+00 24.316298 115.818182
0 1 1 0.0 0.0
25.000000 23.000000 -63.090909 -65.272727 0.000000 40.000000

mayhew north america equal area proxy source 277
10.000000 -175.000000 2.000000 2.000000 400.000000 36 66
1 1 1 1
0.1 1.50 -2.0 2.0 0.080
2 1 1.000000000e+00 24.316298 118.000000
0 1 1 0.0 0.0
25.000000 23.000000 -60.909091 -63.090909 0.000000 40.000000

mayhew north america equal area proxy source 278
10.000000 -175.000000 2.000000 2.000000 400.000000 36 66
1 1 1 1
0.1 1.50 -2.0 2.0 0.080
2 1 1.000000000e+00 24.316298 120.181818
0 1 1 0.0 0.0
25.000000 23.000000 -58.727273 -60.909091 0.000000 40.000000

mayhew north america equal area proxy source 279
10.000000 -175.000000 2.000000 2.000000 400.000000 36 66
1 1 1 1
0.1 1.50 -2.0 2.0 0.080
2 1 1.000000000e+00 24.316298 122.363636
0 1 1 0.0 0.0
25.000000 23.000000 -56.545455 -58.727273 0.000000 40.000000

mayhew north america equal area proxy source 280
10.000000 -175.000000 2.000000 2.000000 400.000000 36 66
1 1 1 1
0.1 1.50 -2.0 2.0 0.080
2 1 1.000000000e+00 24.316298 124.545455
0 1 1 0.0 0.0
25.000000 23.000000 -54.363636 -56.545455 0.000000 40.000000

mayhew north america equal area proxy source 281
10.000000 -175.000000 2.000000 2.000000 400.000000 36 66
1 1 1 1
0.1 1.50 -2.0 2.0 0.080
2 1 1.000000000e+00 24.316298 126.727273
0 1 1 0.0 0.0
25.000000 23.000000 -52.181818 -54.363636 0.000000 40.000000

mayhew north america equal area proxy source 282
10.000000 -175.000000 2.000000 2.000000 400.000000 36 66
1 1 1 1
0.1 1.50 -2.0 2.0 0.080
2 1 1.000000000e+00 24.316298 128.909091
0 1 1 0.0 0.0
25.000000 23.000000 -50.000000 -52.181818 0.000000 40.000000

mayhew north america equal area proxy source 283
10.000000 -175.000000 2.000000 2.000000 400.000000 36 66
1 1 1 1
0.1 1.50 -2.0 2.0 0.080
2 1 2.500000000e-01 19.711564 11.111111
0 1 1 0.0 0.0
27.000000 25.000000 -167.777778 -170.000000 0.000000 40.000000

mayhew north america equal area proxy source 284
10.000000 -175.000000 2.000000 2.000000 400.000000 36 66
1 1 1 1
0.1 1.50 -2.0 2.0 0.080
2 1 2.500000000e-01 19.711564 13.333333
0 1 1 0.0 0.0
27.000000 25.000000 -165.555556 -167.777778 0.000000 40.000000

mayhew north america equal area proxy source 285
10.000000 -175.000000 2.000000 2.000000 400.000000 36 66
1 1 1 1
0.1 1.50 -2.0 2.0 0.080
2 1 2.500000000e-01 19.711564 15.555556
0 1 1 0.0 0.0
27.000000 25.000000 -163.333333 -165.555556 0.000000 40.000000

mayhew north america equal area proxy source 286
10.000000 -175.000000 2.000000 2.000000 400.000000 36 66
1 1 1 1
0.1 1.50 -2.0 2.0 0.080
2 1 2.500000000e-01 19.711564 17.777778
0 1 1 0.0 0.0
27.000000 25.000000 -161.111111 -163.333333 0.000000 40.000000

mayhew north america equal area proxy source 287
10.000000 -175.000000 2.000000 2.000000 400.000000 36 66
1 1 1 1
0.1 1.50 -2.0 2.0 0.080
2 1 2.500000000e-01 19.711564 20.000000
0 1 1 0.0 0.0
27.000000 25.000000 -158.888889 -161.111111 0.000000 40.000000

mayhew north america equal area proxy source 288
10.000000 -175.000000 2.000000 2.000000 400.000000 36 66
1 1 1 1
0.1 1.50 -2.0 2.0 0.080
2 1 2.500000000e-01 19.711564 22.222222
0 1 1 0.0 0.0
27.000000 25.000000 -156.666667 -158.888889 0.000000 40.000000

mayhew north america equal area proxy source 289
10.000000 -175.000000 2.000000 2.000000 400.000000 36 66
1 1 1 1
0.1 1.50 -2.0 2.0 0.080
2 1 2.500000000e-01 19.711564 24.444444
0 1 1 0.0 0.0
27.000000 25.000000 -154.444444 -156.666667 0.000000 40.000000

mayhew north america equal area proxy source 290
10.000000 -175.000000 2.000000 2.000000 400.000000 36 66
1 1 1 1
0.1 1.50 -2.0 2.0 0.080
2 1 2.500000000e-01 19.711564 26.666667
0 1 1 0.0 0.0
27.000000 25.000000 -152.222222 -154.444444 0.000000 40.000000

mayhew north america equal area proxy source 291
10.000000 -175.000000 2.000000 2.000000 400.000000 36 66
1 1 1 1
0.1 1.50 -2.0 2.0 0.080
2 1 2.500000000e-01 19.711564 28.888889
0 1 1 0.0 0.0
27.000000 25.000000 -150.000000 -152.222222 0.000000 40.000000

mayhew north america equal area proxy source 292
10.000000 -175.000000 2.000000 2.000000 400.000000 36 66
1 1 1 1
0.1 1.50 -2.0 2.0 0.080
2 1 2.500000000e-01 19.711564 31.111111
0 1 1 0.0 0.0
27.000000 25.000000 -147.777778 -150.000000 0.000000 40.000000

mayhew north america equal area proxy source 293
10.000000 -175.000000 2.000000 2.000000 400.000000 36 66
1 1 1 1
0.1 1.50 -2.0 2.0 0.080
2 1 2.500000000e-01 19.711564 33.333333
0 1 1 0.0 0.0
27.000000 25.000000 -145.555556 -147.777778 0.000000 40.000000

mayhew north america equal area proxy source 294
10.000000 -175.000000 2.000000 2.000000 400.000000 36 66
1 1 1 1
0.1 1.50 -2.0 2.0 0.080
2 1 2.500000000e-01 19.711564 35.555556
0 1 1 0.0 0.0
27.000000 25.000000 -143.333333 -145.555556 0.000000 40.000000

mayhew north america equal area proxy source 295
10.000000 -175.000000 2.000000 2.000000 400.000000 36 66
1 1 1 1
0.1 1.50 -2.0 2.0 0.080
2 1 2.500000000e-01 19.711564 37.777778
0 1 1 0.0 0.0
27.000000 25.000000 -141.111111 -143.333333 0.000000 40.000000

mayhew north america equal area proxy source 296
10.000000 -175.000000 2.000000 2.000000 400.000000 36 66
1 1 1 1
0.1 1.50 -2.0 2.0 0.080
2 1 2.500000000e-01 19.711564 40.000000
0 1 1 0.0 0.0
27.000000 25.000000 -138.888889 -141.111111 0.000000 40.000000

mayhew north america equal area proxy source 297
10.000000 -175.000000 2.000000 2.000000 400.000000 36 66
1 1 1 1
0.1 1.50 -2.0 2.0 0.080
2 1 2.500000000e-01 19.711564 42.222222
0 1 1 0.0 0.0
27.000000 25.000000 -136.666667 -138.888889 0.000000 40.000000

mayhew north america equal area proxy source 298
10.000000 -175.000000 2.000000 2.000000 400.000000 36 66
1 1 1 1
0.1 1.50 -2.0 2.0 0.080
2 1 2.500000000e-01 19.711564 44.444444
0 1 1 0.0 0.0
27.000000 25.000000 -134.444444 -136.666667 0.000000 40.000000

mayhew north america equal area proxy source 299
10.000000 -175.000000 2.000000 2.000000 400.000000 36 66
1 1 1 1
0.1 1.50 -2.0 2.0 0.080
2 1 2.500000000e-01 19.711564 46.666667
0 1 1 0.0 0.0
27.000000 25.000000 -132.222222 -134.444444 0.000000 40.000000

mayhew north america equal area proxy source 300
10.000000 -175.000000 2.000000 2.000000 400.000000 36 66
1 1 1 1
0.1 1.50 -2.0 2.0 0.080
2 1 2.500000000e-01 19.711564 48.888889
0 1 1 0.0 0.0
27.000000 25.000000 -130.000000 -132.222222 0.000000 40.000000

mayhew north america equal area proxy source 301
10.000000 -175.000000 2.000000 2.000000 400.000000 36 66
1 1 1 1
0.1 1.50 -2.0 2.0 0.080
2 1 2.500000000e-01 19.711564 51.111111
0 1 1 0.0 0.0
27.000000 25.000000 -127.777778 -130.000000 0.000000 40.000000

mayhew north america equal area proxy source 302
10.000000 -175.000000 2.000000 2.000000 400.000000 36 66
1 1 1 1
0.1 1.50 -2.0 2.0 0.080
2 1 2.500000000e-01 19.711564 53.333333
0 1 1 0.0 0.0
27.000000 25.000000 -125.555556 -127.777778 0.000000 40.000000

mayhew north america equal area proxy source 303
10.000000 -175.000000 2.000000 2.000000 400.000000 36 66
1 1 1 1
0.1 1.50 -2.0 2.0 0.080
2 1 2.500000000e-01 19.711564 55.555556
0 1 1 0.0 0.0
27.000000 25.000000 -123.333333 -125.555556 0.000000 40.000000

mayhew north america equal area proxy source 304
10.000000 -175.000000 2.000000 2.000000 400.000000 36 66
1 1 1 1
0.1 1.50 -2.0 2.0 0.080
2 1 2.500000000e-01 19.711564 57.777778
0 1 1 0.0 0.0
27.000000 25.000000 -121.111111 -123.333333 0.000000 40.000000

mayhew north america equal area proxy source 305
10.000000 -175.000000 2.000000 2.000000 400.000000 36 66
1 1 1 1
0.1 1.50 -2.0 2.0 0.080
2 1 2.500000000e-01 19.711564 60.000000
0 1 1 0.0 0.0
27.000000 25.000000 -118.888889 -121.111111 0.000000 40.000000

mayhew north america equal area proxy source 306
10.000000 -175.000000 2.000000 2.000000 400.000000 36 66
1 1 1 1
0.1 1.50 -2.0 2.0 0.080
2 1 2.500000000e-01 19.711564 62.222222
0 1 1 0.0 0.0
27.000000 25.000000 -116.666667 -118.888889 0.000000 40.000000

mayhew north america equal area proxy source 307
10.000000 -175.000000 2.000000 2.000000 400.000000 36 66
1 1 1 1
0.1 1.50 -2.0 2.0 0.080
2 1 2.500000000e-01 19.711564 64.444444
0 1 1 0.0 0.0
27.000000 25.000000 -114.444444 -116.666667 0.000000 40.000000

mayhew north america equal area proxy source 308
10.000000 -175.000000 2.000000 2.000000 400.000000 36 66
1 1 1 1
0.1 1.50 -2.0 2.0 0.080
2 1 2.500000000e-01 19.711564 66.666667
0 1 1 0.0 0.0
27.000000 25.000000 -112.222222 -114.444444 0.000000 40.000000

mayhew north america equal area proxy source 309
10.000000 -175.000000 2.000000 2.000000 400.000000 36 66
1 1 1 1
0.1 1.50 -2.0 2.0 0.080
2 1 2.500000000e-01 19.711564 68.888889
0 1 1 0.0 0.0
27.000000 25.000000 -110.000000 -112.222222 0.000000 40.000000

mayhew north america equal area proxy source 310
10.000000 -175.000000 2.000000 2.000000 400.000000 36 66
1 1 1 1
0.1 1.50 -2.0 2.0 0.080
2 1 2.500000000e-01 19.711564 71.111111
0 1 1 0.0 0.0
27.000000 25.000000 -107.777778 -110.000000 0.000000 40.000000

mayhew north america equal area proxy source 311
10.000000 -175.000000 2.000000 2.000000 400.000000 36 66
1 1 1 1
0.1 1.50 -2.0 2.0 0.080
2 1 2.500000000e-01 19.711564 73.333333
0 1 1 0.0 0.0
27.000000 25.000000 -105.555556 -107.777778 0.000000 40.000000

mayhew north america equal area proxy source 312
10.000000 -175.000000 2.000000 2.000000 400.000000 36 66
1 1 1 1
0.1 1.50 -2.0 2.0 0.080
2 1 7.500000000e-01 19.711564 75.555556
0 1 1 0.0 0.0
27.000000 25.000000 -103.333333 -105.555556 0.000000 40.000000

mayhew north america equal area proxy source 313
10.000000 -175.000000 2.000000 2.000000 400.000000 36 66
1 1 1 1
0.1 1.50 -2.0 2.0 0.080
2 1 7.500000000e-01 19.711564 77.777778
0 1 1 0.0 0.0
27.000000 25.000000 -101.111111 -103.333333 0.000000 40.000000

mayhew north america equal area proxy source 314
10.000000 -175.000000 2.000000 2.000000 400.000000 36 66
1 1 1 1
0.1 1.50 -2.0 2.0 0.080
2 1 7.500000000e-01 19.711564 80.000000
0 1 1 0.0 0.0
27.000000 25.000000 -98.888889 -101.111111 0.000000 40.000000

mayhew north america equal area proxy source 315
10.000000 -175.000000 2.000000 2.000000 400.000000 36 66
1 1 1 1
0.1 1.50 -2.0 2.0 0.080
2 1 7.500000000e-01 19.711564 82.222222
0 1 1 0.0 0.0
27.000000 25.000000 -96.666667 -98.888889 0.000000 40.000000

mayhew north america equal area proxy source 316
10.000000 -175.000000 2.000000 2.000000 400.000000 36 66
1 1 1 1
0.1 1.50 -2.0 2.0 0.080
2 1 7.500000000e-01 19.711564 84.444444
0 1 1 0.0 0.0
27.000000 25.000000 -94.444444 -96.666667 0.000000 40.000000

mayhew north america equal area proxy source 317
10.000000 -175.000000 2.000000 2.000000 400.000000 36 66
1 1 1 1
0.1 1.50 -2.0 2.0 0.080
2 1 7.500000000e-01 19.711564 86.666667
0 1 1 0.0 0.0
27.000000 25.000000 -92.222222 -94.444444 0.000000 40.000000

mayhew north america equal area proxy source 318
10.000000 -175.000000 2.000000 2.000000 400.000000 36 66
1 1 1 1
0.1 1.50 -2.0 2.0 0.080
2 1 7.500000000e-01 19.711564 88.888889
0 1 1 0.0 0.0
27.000000 25.000000 -90.000000 -92.222222 0.000000 40.000000

mayhew north america equal area proxy source 319
10.000000 -175.000000 2.000000 2.000000 400.000000 36 66
1 1 1 1
0.1 1.50 -2.0 2.0 0.080
2 1 7.500000000e-01 19.711564 91.111111
0 1 1 0.0 0.0
27.000000 25.000000 -87.777778 -90.000000 0.000000 40.000000

mayhew north america equal area proxy source 320
10.000000 -175.000000 2.000000 2.000000 400.000000 36 66
1 1 1 1
0.1 1.50 -2.0 2.0 0.080
2 1 7.500000000e-01 19.711564 93.333333
0 1 1 0.0 0.0
27.000000 25.000000 -85.555556 -87.777778 0.000000 40.000000

mayhew north america equal area proxy source 321
10.000000 -175.000000 2.000000 2.000000 400.000000 36 66
1 1 1 1
0.1 1.50 -2.0 2.0 0.080
2 1 1.000000000e+00 19.711564 95.555556
0 1 1 0.0 0.0
27.000000 25.000000 -83.333333 -85.555556 0.000000 40.000000

mayhew north america equal area proxy source 322
10.000000 -175.000000 2.000000 2.000000 400.000000 36 66
1 1 1 1
0.1 1.50 -2.0 2.0 0.080
2 1 1.000000000e+00 19.711564 97.777778
0 1 1 0.0 0.0
27.000000 25.000000 -81.111111 -83.333333 0.000000 40.000000

mayhew north america equal area proxy source 323
10.000000 -175.000000 2.000000 2.000000 400.000000 36 66
1 1 1 1
0.1 1.50 -2.0 2.0 0.080
2 1 1.000000000e+00 19.711564 100.000000
0 1 1 0.0 0.0
27.000000 25.000000 -78.888889 -81.111111 0.000000 40.000000

mayhew north america equal area proxy source 324
10.000000 -175.000000 2.000000 2.000000 400.000000 36 66
1 1 1 1
0.1 1.50 -2.0 2.0 0.080
2 1 1.000000000e+00 19.711564 102.222222
0 1 1 0.0 0.0
27.000000 25.000000 -76.666667 -78.888889 0.000000 40.000000

mayhew north america equal area proxy source 325
10.000000 -175.000000 2.000000 2.000000 400.000000 36 66
1 1 1 1
0.1 1.50 -2.0 2.0 0.080
2 1 1.000000000e+00 19.711564 104.444444
0 1 1 0.0 0.0
27.000000 25.000000 -74.444444 -76.666667 0.000000 40.000000

mayhew north america equal area proxy source 326
10.000000 -175.000000 2.000000 2.000000 400.000000 36 66
1 1 1 1
0.1 1.50 -2.0 2.0 0.080
2 1 1.000000000e+00 19.711564 106.666667
0 1 1 0.0 0.0
27.000000 25.000000 -72.222222 -74.444444 0.000000 40.000000

mayhew north america equal area proxy source 327
10.000000 -175.000000 2.000000 2.000000 400.000000 36 66
1 1 1 1
0.1 1.50 -2.0 2.0 0.080
2 1 1.000000000e+00 19.711564 108.888889
0 1 1 0.0 0.0
27.000000 25.000000 -70.000000 -72.222222 0.000000 40.000000

mayhew north america equal area proxy source 328
10.000000 -175.000000 2.000000 2.000000 400.000000 36 66
1 1 1 1
0.1 1.50 -2.0 2.0 0.080
2 1 1.000000000e+00 19.711564 111.111111
0 1 1 0.0 0.0
27.000000 25.000000 -67.777778 -70.000000 0.000000 40.000000

mayhew north america equal area proxy source 329
10.000000 -175.000000 2.000000 2.000000 400.000000 36 66
1 1 1 1
0.1 1.50 -2.0 2.0 0.080
2 1 1.000000000e+00 19.711564 113.333333
0 1 1 0.0 0.0
27.000000 25.000000 -65.555556 -67.777778 0.000000 40.000000

mayhew north america equal area proxy source 330
10.000000 -175.000000 2.000000 2.000000 400.000000 36 66
1 1 1 1
0.1 1.50 -2.0 2.0 0.080
2 1 1.000000000e+00 19.711564 115.555556
0 1 1 0.0 0.0
27.000000 25.000000 -63.333333 -65.555556 0.000000 40.000000

mayhew north america equal area proxy source 331
10.000000 -175.000000 2.000000 2.000000 400.000000 36 66
1 1 1 1
0.1 1.50 -2.0 2.0 0.080
2 1 1.000000000e+00 19.711564 117.777778
0 1 1 0.0 0.0
27.000000 25.000000 -61.111111 -63.333333 0.000000 40.000000

mayhew north america equal area proxy source 332
10.000000 -175.000000 2.000000 2.000000 400.000000 36 66
1 1 1 1
0.1 1.50 -2.0 2.0 0.080
2 1 1.000000000e+00 19.711564 120.000000
0 1 1 0.0 0.0
27.000000 25.000000 -58.888889 -61.111111 0.000000 40.000000

mayhew north america equal area proxy source 333
10.000000 -175.000000 2.000000 2.000000 400.000000 36 66
1 1 1 1
0.1 1.50 -2.0 2.0 0.080
2 1 1.000000000e+00 19.711564 122.222222
0 1 1 0.0 0.0
27.000000 25.000000 -56.666667 -58.888889 0.000000 40.000000

mayhew north america equal area proxy source 334
10.000000 -175.000000 2.000000 2.000000 400.000000 36 66
1 1 1 1
0.1 1.50 -2.0 2.0 0.080
2 1 1.000000000e+00 19.711564 124.444444
0 1 1 0.0 0.0
27.000000 25.000000 -54.444444 -56.666667 0.000000 40.000000

mayhew north america equal area proxy source 335
10.000000 -175.000000 2.000000 2.000000 400.000000 36 66
1 1 1 1
0.1 1.50 -2.0 2.0 0.080
2 1 1.000000000e+00 19.711564 126.666667
0 1 1 0.0 0.0
27.000000 25.000000 -52.222222 -54.444444 0.000000 40.000000

mayhew north america equal area proxy source 336
10.000000 -175.000000 2.000000 2.000000 400.000000 36 66
1 1 1 1
0.1 1.50 -2.0 2.0 0.080
2 1 1.000000000e+00 19.711564 128.888889
0 1 1 0.0 0.0
27.000000 25.000000 -50.000000 -52.222222 0.000000 40.000000

mayhew north america equal area proxy source 337
10.000000 -175.000000 2.000000 2.000000 400.000000 36 66
1 1 1 1
0.1 1.50 -2.0 2.0 0.080
2 1 2.500000000e-01 15.239577 11.132075
0 1 1 0.0 0.0
29.000000 27.000000 -167.735849 -170.000000 0.000000 40.000000

mayhew north america equal area proxy source 338
10.000000 -175.000000 2.000000 2.000000 400.000000 36 66
1 1 1 1
0.1 1.50 -2.0 2.0 0.080
2 1 2.500000000e-01 15.239577 13.396226
0 1 1 0.0 0.0
29.000000 27.000000 -165.471698 -167.735849 0.000000 40.000000

mayhew north america equal area proxy source 339
10.000000 -175.000000 2.000000 2.000000 400.000000 36 66
1 1 1 1
0.1 1.50 -2.0 2.0 0.080
2 1 2.500000000e-01 15.239577 15.660377
0 1 1 0.0 0.0
29.000000 27.000000 -163.207547 -165.471698 0.000000 40.000000

mayhew north america equal area proxy source 340
10.000000 -175.000000 2.000000 2.000000 400.000000 36 66
1 1 1 1
0.1 1.50 -2.0 2.0 0.080
2 1 2.500000000e-01 15.239577 17.924528
0 1 1 0.0 0.0
29.000000 27.000000 -160.943396 -163.207547 0.000000 40.000000

mayhew north america equal area proxy source 341
10.000000 -175.000000 2.000000 2.000000 400.000000 36 66
1 1 1 1
0.1 1.50 -2.0 2.0 0.080
2 1 2.500000000e-01 15.239577 20.188679
0 1 1 0.0 0.0
29.000000 27.000000 -158.679245 -160.943396 0.000000 40.000000

mayhew north america equal area proxy source 342
10.000000 -175.000000 2.000000 2.000000 400.000000 36 66
1 1 1 1
0.1 1.50 -2.0 2.0 0.080
2 1 2.500000000e-01 15.239577 22.452830
0 1 1 0.0 0.0
29.000000 27.000000 -156.415094 -158.679245 0.000000 40.000000

mayhew north america equal area proxy source 343
10.000000 -175.000000 2.000000 2.000000 400.000000 36 66
1 1 1 1
0.1 1.50 -2.0 2.0 0.080
2 1 2.500000000e-01 15.239577 24.716981
0 1 1 0.0 0.0
29.000000 27.000000 -154.150943 -156.415094 0.000000 40.000000

mayhew north america equal area proxy source 344
10.000000 -175.000000 2.000000 2.000000 400.000000 36 66
1 1 1 1
0.1 1.50 -2.0 2.0 0.080
2 1 2.500000000e-01 15.239577 26.981132
0 1 1 0.0 0.0
29.000000 27.000000 -151.886792 -154.150943 0.000000 40.000000

mayhew north america equal area proxy source 345
10.000000 -175.000000 2.000000 2.000000 400.000000 36 66
1 1 1 1
0.1 1.50 -2.0 2.0 0.080
2 1 2.500000000e-01 15.239577 29.245283
0 1 1 0.0 0.0
29.000000 27.000000 -149.622642 -151.886792 0.000000 40.000000

mayhew north america equal area proxy source 346
10.000000 -175.000000 2.000000 2.000000 400.000000 36 66
1 1 1 1
0.1 1.50 -2.0 2.0 0.080
2 1 2.500000000e-01 15.239577 31.509434
0 1 1 0.0 0.0
29.000000 27.000000 -147.358491 -149.622642 0.000000 40.000000

mayhew north america equal area proxy source 347
10.000000 -175.000000 2.000000 2.000000 400.000000 36 66
1 1 1 1
0.1 1.50 -2.0 2.0 0.080
2 1 2.500000000e-01 15.239577 33.773585
0 1 1 0.0 0.0
29.000000 27.000000 -145.094340 -147.358491 0.000000 40.000000

mayhew north america equal area proxy source 348
10.000000 -175.000000 2.000000 2.000000 400.000000 36 66
1 1 1 1
0.1 1.50 -2.0 2.0 0.080
2 1 2.500000000e-01 15.239577 36.037736
0 1 1 0.0 0.0
29.000000 27.000000 -142.830189 -145.094340 0.000000 40.000000

mayhew north america equal area proxy source 349
10.000000 -175.000000 2.000000 2.000000 400.000000 36 66
1 1 1 1
0.1 1.50 -2.0 2.0 0.080
2 1 2.500000000e-01 15.239577 38.301887
0 1 1 0.0 0.0
29.000000 27.000000 -140.566038 -142.830189 0.000000 40.000000

mayhew north america equal area proxy source 350
10.000000 -175.000000 2.000000 2.000000 400.000000 36 66
1 1 1 1
0.1 1.50 -2.0 2.0 0.080
2 1 2.500000000e-01 15.239577 40.566038
0 1 1 0.0 0.0
29.000000 27.000000 -138.301887 -140.566038 0.000000 40.000000

mayhew north america equal area proxy source 351
10.000000 -175.000000 2.000000 2.000000 400.000000 36 66
1 1 1 1
0.1 1.50 -2.0 2.0 0.080
2 1 2.500000000e-01 15.239577 42.830189
0 1 1 0.0 0.0
29.000000 27.000000 -136.037736 -138.301887 0.000000 40.000000

mayhew north america equal area proxy source 352
10.000000 -175.000000 2.000000 2.000000 400.000000 36 66
1 1 1 1
0.1 1.50 -2.0 2.0 0.080
2 1 2.500000000e-01 15.239577 45.094340
0 1 1 0.0 0.0
29.000000 27.000000 -133.773585 -136.037736 0.000000 40.000000

mayhew north america equal area proxy source 353
10.000000 -175.000000 2.000000 2.000000 400.000000 36 66
1 1 1 1
0.1 1.50 -2.0 2.0 0.080
2 1 2.500000000e-01 15.239577 47.358491
0 1 1 0.0 0.0
29.000000 27.000000 -131.509434 -133.773585 0.000000 40.000000

mayhew north america equal area proxy source 354
10.000000 -175.000000 2.000000 2.000000 400.000000 36 66
1 1 1 1
0.1 1.50 -2.0 2.0 0.080
2 1 2.500000000e-01 15.239577 49.622642
0 1 1 0.0 0.0
29.000000 27.000000 -129.245283 -131.509434 0.000000 40.000000

mayhew north america equal area proxy source 355
10.000000 -175.000000 2.000000 2.000000 400.000000 36 66
1 1 1 1
0.1 1.50 -2.0 2.0 0.080
2 1 2.500000000e-01 15.239577 51.886792
0 1 1 0.0 0.0
29.000000 27.000000 -126.981132 -129.245283 0.000000 40.000000

mayhew north america equal area proxy source 356
10.000000 -175.000000 2.000000 2.000000 400.000000 36 66
1 1 1 1
0.1 1.50 -2.0 2.0 0.080
2 1 2.500000000e-01 15.239577 54.150943
0 1 1 0.0 0.0
29.000000 27.000000 -124.716981 -126.981132 0.000000 40.000000

mayhew north america equal area proxy source 357
10.000000 -175.000000 2.000000 2.000000 400.000000 36 66
1 1 1 1
0.1 1.50 -2.0 2.0 0.080
2 1 2.500000000e-01 15.239577 56.415094
0 1 1 0.0 0.0
29.000000 27.000000 -122.452830 -124.716981 0.000000 40.000000

mayhew north america equal area proxy source 358
10.000000 -175.000000 2.000000 2.000000 400.000000 36 66
1 1 1 1
0.1 1.50 -2.0 2.0 0.080
2 1 2.500000000e-01 15.239577 58.679245
0 1 1 0.0 0.0
29.000000 27.000000 -120.188679 -122.452830 0.000000 40.000000

mayhew north america equal area proxy source 359
10.000000 -175.000000 2.000000 2.000000 400.000000 36 66
1 1 1 1
0.1 1.50 -2.0 2.0 0.080
2 1 2.500000000e-01 15.239577 60.943396
0 1 1 0.0 0.0
29.000000 27.000000 -117.924528 -120.188679 0.000000 40.000000

mayhew north america equal area proxy source 360
10.000000 -175.000000 2.000000 2.000000 400.000000 36 66
1 1 1 1
0.1 1.50 -2.0 2.0 0.080
2 1 2.500000000e-01 15.239577 63.207547
0 1 1 0.0 0.0
29.000000 27.000000 -115.660377 -117.924528 0.000000 40.000000

mayhew north america equal area proxy source 361
10.000000 -175.000000 2.000000 2.000000 400.000000 36 66
1 1 1 1
0.1 1.50 -2.0 2.0 0.080
2 1 2.500000000e-01 15.239577 65.471698
0 1 1 0.0 0.0
29.000000 27.000000 -113.396226 -115.660377 0.000000 40.000000

mayhew north america equal area proxy source 362
10.000000 -175.000000 2.000000 2.000000 400.000000 36 66
1 1 1 1
0.1 1.50 -2.0 2.0 0.080
2 1 2.500000000e-01 15.239577 67.735849
0 1 1 0.0 0.0
29.000000 27.000000 -111.132075 -113.396226 0.000000 40.000000

mayhew north america equal area proxy source 363
10.000000 -175.000000 2.000000 2.000000 400.000000 36 66
1 1 1 1
0.1 1.50 -2.0 2.0 0.080
2 1 2.500000000e-01 15.239577 70.000000
0 1 1 0.0 0.0
29.000000 27.000000 -108.867925 -111.132075 0.000000 40.000000

mayhew north america equal area proxy source 364
10.000000 -175.000000 2.000000 2.000000 400.000000 36 66
1 1 1 1
0.1 1.50 -2.0 2.0 0.080
2 1 2.500000000e-01 15.239577 72.264151
0 1 1 0.0 0.0
29.000000 27.000000 -106.603774 -108.867925 0.000000 40.000000

mayhew north america equal area proxy source 365
10.000000 -175.000000 2.000000 2.000000 400.000000 36 66
1 1 1 1
0.1 1.50 -2.0 2.0 0.080
2 1 2.500000000e-01 15.239577 74.528302
0 1 1 0.0 0.0
29.000000 27.000000 -104.339623 -106.603774 0.000000 40.000000

mayhew north america equal area proxy source 366
10.000000 -175.000000 2.000000 2.000000 400.000000 36 66
1 1 1 1
0.1 1.50 -2.0 2.0 0.080
2 1 7.500000000e-01 15.239577 76.792453
0 1 1 0.0 0.0
29.000000 27.000000 -102.075472 -104.339623 0.000000 40.000000

mayhew north america equal area proxy source 367
10.000000 -175.000000 2.000000 2.000000 400.000000 36 66
1 1 1 1
0.1 1.50 -2.0 2.0 0.080
2 1 7.500000000e-01 15.239577 79.056604
0 1 1 0.0 0.0
29.000000 27.000000 -99.811321 -102.075472 0.000000 40.000000

mayhew north america equal area proxy source 368
10.000000 -175.000000 2.000000 2.000000 400.000000 36 66
1 1 1 1
0.1 1.50 -2.0 2.0 0.080
2 1 7.500000000e-01 15.239577 81.320755
0 1 1 0.0 0.0
29.000000 27.000000 -97.547170 -99.811321 0.000000 40.000000

mayhew north america equal area proxy source 369
10.000000 -175.000000 2.000000 2.000000 400.000000 36 66
1 1 1 1
0.1 1.50 -2.0 2.0 0.080
2 1 7.500000000e-01 15.239577 83.584906
0 1 1 0.0 0.0
29.000000 27.000000 -95.283019 -97.547170 0.000000 40.000000

mayhew north america equal area proxy source 370
10.000000 -175.000000 2.000000 2.000000 400.000000 36 66
1 1 1 1
0.1 1.50 -2.0 2.0 0.080
2 1 7.500000000e-01 15.239577 85.849057
0 1 1 0.0 0.0
29.000000 27.000000 -93.018868 -95.283019 0.000000 40.000000

mayhew north america equal area proxy source 371
10.000000 -175.000000 2.000000 2.000000 400.000000 36 66
1 1 1 1
0.1 1.50 -2.0 2.0 0.080
2 1 7.500000000e-01 15.239577 88.113208
0 1 1 0.0 0.0
29.000000 27.000000 -90.754717 -93.018868 0.000000 40.000000

mayhew north america equal area proxy source 372
10.000000 -175.000000 2.000000 2.000000 400.000000 36 66
1 1 1 1
0.1 1.50 -2.0 2.0 0.080
2 1 7.500000000e-01 15.239577 90.377358
0 1 1 0.0 0.0
29.000000 27.000000 -88.490566 -90.754717 0.000000 40.000000

mayhew north america equal area proxy source 373
10.000000 -175.000000 2.000000 2.000000 400.000000 36 66
1 1 1 1
0.1 1.50 -2.0 2.0 0.080
2 1 7.500000000e-01 15.239577 92.641509
0 1 1 0.0 0.0
29.000000 27.000000 -86.226415 -88.490566 0.000000 40.000000

mayhew north america equal area proxy source 374
10.000000 -175.000000 2.000000 2.000000 400.000000 36 66
1 1 1 1
0.1 1.50 -2.0 2.0 0.080
2 1 7.500000000e-01 15.239577 94.905660
0 1 1 0.0 0.0
29.000000 27.000000 -83.962264 -86.226415 0.000000 40.000000

mayhew north america equal area proxy source 375
10.000000 -175.000000 2.000000 2.000000 400.000000 36 66
1 1 1 1
0.1 1.50 -2.0 2.0 0.080
2 1 1.000000000e+00 15.239577 97.169811
0 1 1 0.0 0.0
29.000000 27.000000 -81.698113 -83.962264 0.000000 40.000000

mayhew north america equal area proxy source 376
10.000000 -175.000000 2.000000 2.000000 400.000000 36 66
1 1 1 1
0.1 1.50 -2.0 2.0 0.080
2 1 1.000000000e+00 15.239577 99.433962
0 1 1 0.0 0.0
29.000000 27.000000 -79.433962 -81.698113 0.000000 40.000000

mayhew north america equal area proxy source 377
10.000000 -175.000000 2.000000 2.000000 400.000000 36 66
1 1 1 1
0.1 1.50 -2.0 2.0 0.080
2 1 1.000000000e+00 15.239577 101.698113
0 1 1 0.0 0.0
29.000000 27.000000 -77.169811 -79.433962 0.000000 40.000000

mayhew north america equal area proxy source 378
10.000000 -175.000000 2.000000 2.000000 400.000000 36 66
1 1 1 1
0.1 1.50 -2.0 2.0 0.080
2 1 1.000000000e+00 15.239577 103.962264
0 1 1 0.0 0.0
29.000000 27.000000 -74.905660 -77.169811 0.000000 40.000000

mayhew north america equal area proxy source 379
10.000000 -175.000000 2.000000 2.000000 400.000000 36 66
1 1 1 1
0.1 1.50 -2.0 2.0 0.080
2 1 1.000000000e+00 15.239577 106.226415
0 1 1 0.0 0.0
29.000000 27.000000 -72.641509 -74.905660 0.000000 40.000000

mayhew north america equal area proxy source 380
10.000000 -175.000000 2.000000 2.000000 400.000000 36 66
1 1 1 1
0.1 1.50 -2.0 2.0 0.080
2 1 1.000000000e+00 15.239577 108.490566
0 1 1 0.0 0.0
29.000000 27.000000 -70.377358 -72.641509 0.000000 40.000000

mayhew north america equal area proxy source 381
10.000000 -175.000000 2.000000 2.000000 400.000000 36 66
1 1 1 1
0.1 1.50 -2.0 2.0 0.080
2 1 1.000000000e+00 15.239577 110.754717
0 1 1 0.0 0.0
29.000000 27.000000 -68.113208 -70.377358 0.000000 40.000000

mayhew north america equal area proxy source 382
10.000000 -175.000000 2.000000 2.000000 400.000000 36 66
1 1 1 1
0.1 1.50 -2.0 2.0 0.080
2 1 1.000000000e+00 15.239577 113.018868
0 1 1 0.0 0.0
29.000000 27.000000 -65.849057 -68.113208 0.000000 40.000000

mayhew north america equal area proxy source 383
10.000000 -175.000000 2.000000 2.000000 400.000000 36 66
1 1 1 1
0.1 1.50 -2.0 2.0 0.080
2 1 1.000000000e+00 15.239577 115.283019
0 1 1 0.0 0.0
29.000000 27.000000 -63.584906 -65.849057 0.000000 40.000000

mayhew north america equal area proxy source 384
10.000000 -175.000000 2.000000 2.000000 400.000000 36 66
1 1 1 1
0.1 1.50 -2.0 2.0 0.080
2 1 1.000000000e+00 15.239577 117.547170
0 1 1 0.0 0.0
29.000000 27.000000 -61.320755 -63.584906 0.000000 40.000000

mayhew north america equal area proxy source 385
10.000000 -175.000000 2.000000 2.000000 400.000000 36 66
1 1 1 1
0.1 1.50 -2.0 2.0 0.080
2 1 1.000000000e+00 15.239577 119.811321
0 1 1 0.0 0.0
29.000000 27.000000 -59.056604 -61.320755 0.000000 40.000000

mayhew north america equal area proxy source 386
10.000000 -175.000000 2.000000 2.000000 400.000000 36 66
1 1 1 1
0.1 1.50 -2.0 2.0 0.080
2 1 1.000000000e+00 15.239577 122.075472
0 1 1 0.0 0.0
29.000000 27.000000 -56.792453 -59.056604 0.000000 40.000000

mayhew north america equal area proxy source 387
10.000000 -175.000000 2.000000 2.000000 400.000000 36 66
1 1 1 1
0.1 1.50 -2.0 2.0 0.080
2 1 1.000000000e+00 15.239577 124.339623
0 1 1 0.0 0.0
29.000000 27.000000 -54.528302 -56.792453 0.000000 40.000000

mayhew north america equal area proxy source 388
10.000000 -175.000000 2.000000 2.000000 400.000000 36 66
1 1 1 1
0.1 1.50 -2.0 2.0 0.080
2 1 1.000000000e+00 15.239577 126.603774
0 1 1 0.0 0.0
29.000000 27.000000 -52.264151 -54.528302 0.000000 40.000000

mayhew north america equal area proxy source 389
10.000000 -175.000000 2.000000 2.000000 400.000000 36 66
1 1 1 1
0.1 1.50 -2.0 2.0 0.080
2 1 1.000000000e+00 15.239577 128.867925
0 1 1 0.0 0.0
29.000000 27.000000 -50.000000 -52.264151 0.000000 40.000000

mayhew north america equal area proxy source 390
10.000000 -175.000000 2.000000 2.000000 400.000000 36 66
1 1 1 1
0.1 1.50 -2.0 2.0 0.080
2 1 2.500000000e-01 10.893395 11.153846
0 1 1 0.0 0.0
31.000000 29.000000 -167.692308 -170.000000 0.000000 40.000000

mayhew north america equal area proxy source 391
10.000000 -175.000000 2.000000 2.000000 400.000000 36 66
1 1 1 1
0.1 1.50 -2.0 2.0 0.080
2 1 2.500000000e-01 10.893395 13.461538
0 1 1 0.0 0.0
31.000000 29.000000 -165.384615 -167.692308 0.000000 40.000000

mayhew north america equal area proxy source 392
10.000000 -175.000000 2.000000 2.000000 400.000000 36 66
1 1 1 1
0.1 1.50 -2.0 2.0 0.080
2 1 2.500000000e-01 10.893395 15.769231
0 1 1 0.0 0.0
31.000000 29.000000 -163.076923 -165.384615 0.000000 40.000000

mayhew north america equal area proxy source 393
10.000000 -175.000000 2.000000 2.000000 400.000000 36 66
1 1 1 1
0.1 1.50 -2.0 2.0 0.080
2 1 2.500000000e-01 10.893395 18.076923
0 1 1 0.0 0.0
31.000000 29.000000 -160.769231 -163.076923 0.000000 40.000000

mayhew north america equal area proxy source 394
10.000000 -175.000000 2.000000 2.000000 400.000000 36 66
1 1 1 1
0.1 1.50 -2.0 2.0 0.080
2 1 2.500000000e-01 10.893395 20.384615
0 1 1 0.0 0.0
31.000000 29.000000 -158.461538 -160.769231 0.000000 40.000000

mayhew north america equal area proxy source 395
10.000000 -175.000000 2.000000 2.000000 400.000000 36 66
1 1 1 1
0.1 1.50 -2.0 2.0 0.080
2 1 2.500000000e-01 10.893395 22.692308
0 1 1 0.0 0.0
31.000000 29.000000 -156.153846 -158.461538 0.000000 40.000000

mayhew north america equal area proxy source 396
10.000000 -175.000000 2.000000 2.000000 400.000000 36 66
1 1 1 1
0.1 1.50 -2.0 2.0 0.080
2 1 2.500000000e-01 10.893395 25.000000
0 1 1 0.0 0.0
31.000000 29.000000 -153.846154 -156.153846 0.000000 40.000000

mayhew north america equal area proxy source 397
10.000000 -175.000000 2.000000 2.000000 400.000000 36 66
1 1 1 1
0.1 1.50 -2.0 2.0 0.080
2 1 2.500000000e-01 10.893395 27.307692
0 1 1 0.0 0.0
31.000000 29.000000 -151.538462 -153.846154 0.000000 40.000000

mayhew north america equal area proxy source 398
10.000000 -175.000000 2.000000 2.000000 400.000000 36 66
1 1 1 1
0.1 1.50 -2.0 2.0 0.080
2 1 2.500000000e-01 10.893395 29.615385
0 1 1 0.0 0.0
31.000000 29.000000 -149.230769 -151.538462 0.000000 40.000000

mayhew north america equal area proxy source 399
10.000000 -175.000000 2.000000 2.000000 400.000000 36 66
1 1 1 1
0.1 1.50 -2.0 2.0 0.080
2 1 2.500000000e-01 10.893395 31.923077
0 1 1 0.0 0.0
31.000000 29.000000 -146.923077 -149.230769 0.000000 40.000000

mayhew north america equal area proxy source 400
10.000000 -175.000000 2.000000 2.000000 400.000000 36 66
1 1 1 1
0.1 1.50 -2.0 2.0 0.080
2 1 2.500000000e-01 10.893395 34.230769
0 1 1 0.0 0.0
31.000000 29.000000 -144.615385 -146.923077 0.000000 40.000000

mayhew north america equal area proxy source 401
10.000000 -175.000000 2.000000 2.000000 400.000000 36 66
1 1 1 1
0.1 1.50 -2.0 2.0 0.080
2 1 2.500000000e-01 10.893395 36.538462
0 1 1 0.0 0.0
31.000000 29.000000 -142.307692 -144.615385 0.000000 40.000000

mayhew north america equal area proxy source 402
10.000000 -175.000000 2.000000 2.000000 400.000000 36 66
1 1 1 1
0.1 1.50 -2.0 2.0 0.080
2 1 2.500000000e-01 10.893395 38.846154
0 1 1 0.0 0.0
31.000000 29.000000 -140.000000 -142.307692 0.000000 40.000000

mayhew north america equal area proxy source 403
10.000000 -175.000000 2.000000 2.000000 400.000000 36 66
1 1 1 1
0.1 1.50 -2.0 2.0 0.080
2 1 2.500000000e-01 10.893395 41.153846
0 1 1 0.0 0.0
31.000000 29.000000 -137.692308 -140.000000 0.000000 40.000000

mayhew north america equal area proxy source 404
10.000000 -175.000000 2.000000 2.000000 400.000000 36 66
1 1 1 1
0.1 1.50 -2.0 2.0 0.080
2 1 2.500000000e-01 10.893395 43.461538
0 1 1 0.0 0.0
31.000000 29.000000 -135.384615 -137.692308 0.000000 40.000000

mayhew north america equal area proxy source 405
10.000000 -175.000000 2.000000 2.000000 400.000000 36 66
1 1 1 1
0.1 1.50 -2.0 2.0 0.080
2 1 2.500000000e-01 10.893395 45.769231
0 1 1 0.0 0.0
31.000000 29.000000 -133.076923 -135.384615 0.000000 40.000000

mayhew north america equal area proxy source 406
10.000000 -175.000000 2.000000 2.000000 400.000000 36 66
1 1 1 1
0.1 1.50 -2.0 2.0 0.080
2 1 2.500000000e-01 10.893395 48.076923
0 1 1 0.0 0.0
31.000000 29.000000 -130.769231 -133.076923 0.000000 40.000000

mayhew north america equal area proxy source 407
10.000000 -175.000000 2.000000 2.000000 400.000000 36 66
1 1 1 1
0.1 1.50 -2.0 2.0 0.080
2 1 2.500000000e-01 10.893395 50.384615
0 1 1 0.0 0.0
31.000000 29.000000 -128.461538 -130.769231 0.000000 40.000000

mayhew north america equal area proxy source 408
10.000000 -175.000000 2.000000 2.000000 400.000000 36 66
1 1 1 1
0.1 1.50 -2.0 2.0 0.080
2 1 2.500000000e-01 10.893395 52.692308
0 1 1 0.0 0.0
31.000000 29.000000 -126.153846 -128.461538 0.000000 40.000000

mayhew north america equal area proxy source 409
10.000000 -175.000000 2.000000 2.000000 400.000000 36 66
1 1 1 1
0.1 1.50 -2.0 2.0 0.080
2 1 2.500000000e-01 10.893395 55.000000
0 1 1 0.0 0.0
31.000000 29.000000 -123.846154 -126.153846 0.000000 40.000000

mayhew north america equal area proxy source 410
10.000000 -175.000000 2.000000 2.000000 400.000000 36 66
1 1 1 1
0.1 1.50 -2.0 2.0 0.080
2 1 2.500000000e-01 10.893395 57.307692
0 1 1 0.0 0.0
31.000000 29.000000 -121.538462 -123.846154 0.000000 40.000000

mayhew north america equal area proxy source 411
10.000000 -175.000000 2.000000 2.000000 400.000000 36 66
1 1 1 1
0.1 1.50 -2.0 2.0 0.080
2 1 2.500000000e-01 10.893395 59.615385
0 1 1 0.0 0.0
31.000000 29.000000 -119.230769 -121.538462 0.000000 40.000000

mayhew north america equal area proxy source 412
10.000000 -175.000000 2.000000 2.000000 400.000000 36 66
1 1 1 1
0.1 1.50 -2.0 2.0 0.080
2 1 2.500000000e-01 10.893395 61.923077
0 1 1 0.0 0.0
31.000000 29.000000 -116.923077 -119.230769 0.000000 40.000000

mayhew north america equal area proxy source 413
10.000000 -175.000000 2.000000 2.000000 400.000000 36 66
1 1 1 1
0.1 1.50 -2.0 2.0 0.080
2 1 2.500000000e-01 10.893395 64.230769
0 1 1 0.0 0.0
31.000000 29.000000 -114.615385 -116.923077 0.000000 40.000000

mayhew north america equal area proxy source 414
10.000000 -175.000000 2.000000 2.000000 400.000000 36 66
1 1 1 1
0.1 1.50 -2.0 2.0 0.080
2 1 2.500000000e-01 10.893395 66.538462
0 1 1 0.0 0.0
31.000000 29.000000 -112.307692 -114.615385 0.000000 40.000000

mayhew north america equal area proxy source 415
10.000000 -175.000000 2.000000 2.000000 400.000000 36 66
1 1 1 1
0.1 1.50 -2.0 2.0 0.080
2 1 2.500000000e-01 10.893395 68.846154
0 1 1 0.0 0.0
31.000000 29.000000 -110.000000 -112.307692 0.000000 40.000000

mayhew north america equal area proxy source 416
10.000000 -175.000000 2.000000 2.000000 400.000000 36 66
1 1 1 1
0.1 1.50 -2.0 2.0 0.080
2 1 2.500000000e-01 10.893395 71.153846
0 1 1 0.0 0.0
31.000000 29.000000 -107.692308 -110.000000 0.000000 40.000000

mayhew north america equal area proxy source 417
10.000000 -175.000000 2.000000 2.000000 400.000000 36 66
1 1 1 1
0.1 1.50 -2.0 2.0 0.080
2 1 2.500000000e-01 10.893395 73.461538
0 1 1 0.0 0.0
31.000000 29.000000 -105.384615 -107.692308 0.000000 40.000000

mayhew north america equal area proxy source 418
10.000000 -175.000000 2.000000 2.000000 400.000000 36 66
1 1 1 1
0.1 1.50 -2.0 2.0 0.080
2 1 7.500000000e-01 10.893395 75.769231
0 1 1 0.0 0.0
31.000000 29.000000 -103.076923 -105.384615 0.000000 40.000000

mayhew north america equal area proxy source 419
10.000000 -175.000000 2.000000 2.000000 400.000000 36 66
1 1 1 1
0.1 1.50 -2.0 2.0 0.080
2 1 7.500000000e-01 10.893395 78.076923
0 1 1 0.0 0.0
31.000000 29.000000 -100.769231 -103.076923 0.000000 40.000000

mayhew north america equal area proxy source 420
10.000000 -175.000000 2.000000 2.000000 400.000000 36 66
1 1 1 1
0.1 1.50 -2.0 2.0 0.080
2 1 7.500000000e-01 10.893395 80.384615
0 1 1 0.0 0.0
31.000000 29.000000 -98.461538 -100.769231 0.000000 40.000000

mayhew north america equal area proxy source 421
10.000000 -175.000000 2.000000 2.000000 400.000000 36 66
1 1 1 1
0.1 1.50 -2.0 2.0 0.080
2 1 7.500000000e-01 10.893395 82.692308
0 1 1 0.0 0.0
31.000000 29.000000 -96.153846 -98.461538 0.000000 40.000000

mayhew north america equal area proxy source 422
10.000000 -175.000000 2.000000 2.000000 400.000000 36 66
1 1 1 1
0.1 1.50 -2.0 2.0 0.080
2 1 7.500000000e-01 10.893395 85.000000
0 1 1 0.0 0.0
31.000000 29.000000 -93.846154 -96.153846 0.000000 40.000000

mayhew north america equal area proxy source 423
10.000000 -175.000000 2.000000 2.000000 400.000000 36 66
1 1 1 1
0.1 1.50 -2.0 2.0 0.080
2 1 7.500000000e-01 10.893395 87.307692
0 1 1 0.0 0.0
31.000000 29.000000 -91.538462 -93.846154 0.000000 40.000000

mayhew north america equal area proxy source 424
10.000000 -175.000000 2.000000 2.000000 400.000000 36 66
1 1 1 1
0.1 1.50 -2.0 2.0 0.080
2 1 7.500000000e-01 10.893395 89.615385
0 1 1 0.0 0.0
31.000000 29.000000 -89.230769 -91.538462 0.000000 40.000000

mayhew north america equal area proxy source 425
10.000000 -175.000000 2.000000 2.000000 400.000000 36 66
1 1 1 1
0.1 1.50 -2.0 2.0 0.080
2 1 7.500000000e-01 10.893395 91.923077
0 1 1 0.0 0.0
31.000000 29.000000 -86.923077 -89.230769 0.000000 40.000000

mayhew north america equal area proxy source 426
10.000000 -175.000000 2.000000 2.000000 400.000000 36 66
1 1 1 1
0.1 1.50 -2.0 2.0 0.080
2 1 7.500000000e-01 10.893395 94.230769
0 1 1 0.0 0.0
31.000000 29.000000 -84.615385 -86.923077 0.000000 40.000000

mayhew north america equal area proxy source 427
10.000000 -175.000000 2.000000 2.000000 400.000000 36 66
1 1 1 1
0.1 1.50 -2.0 2.0 0.080
2 1 1.000000000e+00 10.893395 96.538462
0 1 1 0.0 0.0
31.000000 29.000000 -82.307692 -84.615385 0.000000 40.000000

mayhew north america equal area proxy source 428
10.000000 -175.000000 2.000000 2.000000 400.000000 36 66
1 1 1 1
0.1 1.50 -2.0 2.0 0.080
2 1 1.000000000e+00 10.893395 98.846154
0 1 1 0.0 0.0
31.000000 29.000000 -80.000000 -82.307692 0.000000 40.000000

mayhew north america equal area proxy source 429
10.000000 -175.000000 2.000000 2.000000 400.000000 36 66
1 1 1 1
0.1 1.50 -2.0 2.0 0.080
2 1 1.000000000e+00 10.893395 101.153846
0 1 1 0.0 0.0
31.000000 29.000000 -77.692308 -80.000000 0.000000 40.000000

mayhew north america equal area proxy source 430
10.000000 -175.000000 2.000000 2.000000 400.000000 36 66
1 1 1 1
0.1 1.50 -2.0 2.0 0.080
2 1 1.000000000e+00 10.893395 103.461538
0 1 1 0.0 0.0
31.000000 29.000000 -75.384615 -77.692308 0.000000 40.000000

mayhew north america equal area proxy source 431
10.000000 -175.000000 2.000000 2.000000 400.000000 36 66
1 1 1 1
0.1 1.50 -2.0 2.0 0.080
2 1 1.000000000e+00 10.893395 105.769231
0 1 1 0.0 0.0
31.000000 29.000000 -73.076923 -75.384615 0.000000 40.000000

mayhew north america equal area proxy source 432
10.000000 -175.000000 2.000000 2.000000 400.000000 36 66
1 1 1 1
0.1 1.50 -2.0 2.0 0.080
2 1 1.000000000e+00 10.893395 108.076923
0 1 1 0.0 0.0
31.000000 29.000000 -70.769231 -73.076923 0.000000 40.000000

mayhew north america equal area proxy source 433
10.000000 -175.000000 2.000000 2.000000 400.000000 36 66
1 1 1 1
0.1 1.50 -2.0 2.0 0.080
2 1 1.000000000e+00 10.893395 110.384615
0 1 1 0.0 0.0
31.000000 29.000000 -68.461538 -70.769231 0.000000 40.000000

mayhew north america equal area proxy source 434
10.000000 -175.000000 2.000000 2.000000 400.000000 36 66
1 1 1 1
0.1 1.50 -2.0 2.0 0.080
2 1 1.000000000e+00 10.893395 112.692308
0 1 1 0.0 0.0
31.000000 29.000000 -66.153846 -68.461538 0.000000 40.000000

mayhew north america equal area proxy source 435
10.000000 -175.000000 2.000000 2.000000 400.000000 36 66
1 1 1 1
0.1 1.50 -2.0 2.0 0.080
2 1 1.000000000e+00 10.893395 115.000000
0 1 1 0.0 0.0
31.000000 29.000000 -63.846154 -66.153846 0.000000 40.000000

mayhew north america equal area proxy source 436
10.000000 -175.000000 2.000000 2.000000 400.000000 36 66
1 1 1 1
0.1 1.50 -2.0 2.0 0.080
2 1 1.000000000e+00 10.893395 117.307692
0 1 1 0.0 0.0
31.000000 29.000000 -61.538462 -63.846154 0.000000 40.000000

mayhew north america equal area proxy source 437
10.000000 -175.000000 2.000000 2.000000 400.000000 36 66
1 1 1 1
0.1 1.50 -2.0 2.0 0.080
2 1 1.000000000e+00 10.893395 119.615385
0 1 1 0.0 0.0
31.000000 29.000000 -59.230769 -61.538462 0.000000 40.000000

mayhew north america equal area proxy source 438
10.000000 -175.000000 2.000000 2.000000 400.000000 36 66
1 1 1 1
0.1 1.50 -2.0 2.0 0.080
2 1 1.000000000e+00 10.893395 121.923077
0 1 1 0.0 0.0
31.000000 29.000000 -56.923077 -59.230769 0.000000 40.000000

mayhew north america equal area proxy source 439
10.000000 -175.000000 2.000000 2.000000 400.000000 36 66
1 1 1 1
0.1 1.50 -2.0 2.0 0.080
2 1 1.000000000e+00 10.893395 124.230769
0 1 1 0.0 0.0
31.000000 29.000000 -54.615385 -56.923077 0.000000 40.000000

mayhew north america equal area proxy source 440
10.000000 -175.000000 2.000000 2.000000 400.000000 36 66
1 1 1 1
0.1 1.50 -2.0 2.0 0.080
2 1 1.000000000e+00 10.893395 126.538462
0 1 1 0.0 0.0
31.000000 29.000000 -52.307692 -54.615385 0.000000 40.000000

mayhew north america equal area proxy source 441
10.000000 -175.000000 2.000000 2.000000 400.000000 36 66
1 1 1 1
0.1 1.50 -2.0 2.0 0.080
2 1 1.000000000e+00 10.893395 128.846154
0 1 1 0.0 0.0
31.000000 29.000000 -50.000000 -52.307692 0.000000 40.000000

mayhew north america equal area proxy source 442
10.000000 -175.000000 2.000000 2.000000 400.000000 36 66
1 1 1 1
0.1 1.50 -2.0 2.0 0.080
2 1 2.500000000e-01 6.665651 11.176471
0 1 1 0.0 0.0
33.000000 31.000000 -167.647059 -170.000000 0.000000 40.000000

mayhew north america equal area proxy source 443
10.000000 -175.000000 2.000000 2.000000 400.000000 36 66
1 1 1 1
0.1 1.50 -2.0 2.0 0.080
2 1 2.500000000e-01 6.665651 13.529412
0 1 1 0.0 0.0
33.000000 31.000000 -165.294118 -167.647059 0.000000 40.000000

mayhew north america equal area proxy source 444
10.000000 -175.000000 2.000000 2.000000 400.000000 36 66
1 1 1 1
0.1 1.50 -2.0 2.0 0.080
2 1 2.500000000e-01 6.665651 15.882353
0 1 1 0.0 0.0
33.000000 31.000000 -162.941176 -165.294118 0.000000 40.000000

mayhew north america equal area proxy source 445
10.000000 -175.000000 2.000000 2.000000 400.000000 36 66
1 1 1 1
0.1 1.50 -2.0 2.0 0.080
2 1 2.500000000e-01 6.665651 18.235294
0 1 1 0.0 0.0
33.000000 31.000000 -160.588235 -162.941176 0.000000 40.000000

mayhew north america equal area proxy source 446
10.000000 -175.000000 2.000000 2.000000 400.000000 36 66
1 1 1 1
0.1 1.50 -2.0 2.0 0.080
2 1 2.500000000e-01 6.665651 20.588235
0 1 1 0.0 0.0
33.000000 31.000000 -158.235294 -160.588235 0.000000 40.000000

mayhew north america equal area proxy source 447
10.000000 -175.000000 2.000000 2.000000 400.000000 36 66
1 1 1 1
0.1 1.50 -2.0 2.0 0.080
2 1 2.500000000e-01 6.665651 22.941176
0 1 1 0.0 0.0
33.000000 31.000000 -155.882353 -158.235294 0.000000 40.000000

mayhew north america equal area proxy source 448
10.000000 -175.000000 2.000000 2.000000 400.000000 36 66
1 1 1 1
0.1 1.50 -2.0 2.0 0.080
2 1 2.500000000e-01 6.665651 25.294118
0 1 1 0.0 0.0
33.000000 31.000000 -153.529412 -155.882353 0.000000 40.000000

mayhew north america equal area proxy source 449
10.000000 -175.000000 2.000000 2.000000 400.000000 36 66
1 1 1 1
0.1 1.50 -2.0 2.0 0.080
2 1 2.500000000e-01 6.665651 27.647059
0 1 1 0.0 0.0
33.000000 31.000000 -151.176471 -153.529412 0.000000 40.000000

mayhew north america equal area proxy source 450
10.000000 -175.000000 2.000000 2.000000 400.000000 36 66
1 1 1 1
0.1 1.50 -2.0 2.0 0.080
2 1 2.500000000e-01 6.665651 30.000000
0 1 1 0.0 0.0
33.000000 31.000000 -148.823529 -151.176471 0.000000 40.000000

mayhew north america equal area proxy source 451
10.000000 -175.000000 2.000000 2.000000 400.000000 36 66
1 1 1 1
0.1 1.50 -2.0 2.0 0.080
2 1 2.500000000e-01 6.665651 32.352941
0 1 1 0.0 0.0
33.000000 31.000000 -146.470588 -148.823529 0.000000 40.000000

mayhew north america equal area proxy source 452
10.000000 -175.000000 2.000000 2.000000 400.000000 36 66
1 1 1 1
0.1 1.50 -2.0 2.0 0.080
2 1 2.500000000e-01 6.665651 34.705882
0 1 1 0.0 0.0
33.000000 31.000000 -144.117647 -146.470588 0.000000 40.000000

mayhew north america equal area proxy source 453
10.000000 -175.000000 2.000000 2.000000 400.000000 36 66
1 1 1 1
0.1 1.50 -2.0 2.0 0.080
2 1 2.500000000e-01 6.665651 37.058824
0 1 1 0.0 0.0
33.000000 31.000000 -141.764706 -144.117647 0.000000 40.000000

mayhew north america equal area proxy source 454
10.000000 -175.000000 2.000000 2.000000 400.000000 36 66
1 1 1 1
0.1 1.50 -2.0 2.0 0.080
2 1 2.500000000e-01 6.665651 39.411765
0 1 1 0.0 0.0
33.000000 31.000000 -139.411765 -141.764706 0.000000 40.000000

mayhew north america equal area proxy source 455
10.000000 -175.000000 2.000000 2.000000 400.000000 36 66
1 1 1 1
0.1 1.50 -2.0 2.0 0.080
2 1 2.500000000e-01 6.665651 41.764706
0 1 1 0.0 0.0
33.000000 31.000000 -137.058824 -139.411765 0.000000 40.000000

mayhew north america equal area proxy source 456
10.000000 -175.000000 2.000000 2.000000 400.000000 36 66
1 1 1 1
0.1 1.50 -2.0 2.0 0.080
2 1 2.500000000e-01 6.665651 44.117647
0 1 1 0.0 0.0
33.000000 31.000000 -134.705882 -137.058824 0.000000 40.000000

mayhew north america equal area proxy source 457
10.000000 -175.000000 2.000000 2.000000 400.000000 36 66
1 1 1 1
0.1 1.50 -2.0 2.0 0.080
2 1 2.500000000e-01 6.665651 46.470588
0 1 1 0.0 0.0
33.000000 31.000000 -132.352941 -134.705882 0.000000 40.000000

mayhew north america equal area proxy source 458
10.000000 -175.000000 2.000000 2.000000 400.000000 36 66
1 1 1 1
0.1 1.50 -2.0 2.0 0.080
2 1 2.500000000e-01 6.665651 48.823529
0 1 1 0.0 0.0
33.000000 31.000000 -130.000000 -132.352941 0.000000 40.000000

mayhew north america equal area proxy source 459
10.000000 -175.000000 2.000000 2.000000 400.000000 36 66
1 1 1 1
0.1 1.50 -2.0 2.0 0.080
2 1 2.500000000e-01 6.665651 51.176471
0 1 1 0.0 0.0
33.000000 31.000000 -127.647059 -130.000000 0.000000 40.000000

mayhew north america equal area proxy source 460
10.000000 -175.000000 2.000000 2.000000 400.000000 36 66
1 1 1 1
0.1 1.50 -2.0 2.0 0.080
2 1 2.500000000e-01 6.665651 53.529412
0 1 1 0.0 0.0
33.000000 31.000000 -125.294118 -127.647059 0.000000 40.000000

mayhew north america equal area proxy source 461
10.000000 -175.000000 2.000000 2.000000 400.000000 36 66
1 1 1 1
0.1 1.50 -2.0 2.0 0.080
2 1 2.500000000e-01 6.665651 55.882353
0 1 1 0.0 0.0
33.000000 31.000000 -122.941176 -125.294118 0.000000 40.000000

mayhew north america equal area proxy source 462
10.000000 -175.000000 2.000000 2.000000 400.000000 36 66
1 1 1 1
0.1 1.50 -2.0 2.0 0.080
2 1 2.500000000e-01 6.665651 58.235294
0 1 1 0.0 0.0
33.000000 31.000000 -120.588235 -122.941176 0.000000 40.000000

mayhew north america equal area proxy source 463
10.000000 -175.000000 2.000000 2.000000 400.000000 36 66
1 1 1 1
0.1 1.50 -2.0 2.0 0.080
2 1 2.500000000e-01 6.665651 60.588235
0 1 1 0.0 0.0
33.000000 31.000000 -118.235294 -120.588235 0.000000 40.000000

mayhew north america equal area proxy source 464
10.000000 -175.000000 2.000000 2.000000 400.000000 36 66
1 1 1 1
0.1 1.50 -2.0 2.0 0.080
2 1 2.500000000e-01 6.665651 62.941176
0 1 1 0.0 0.0
33.000000 31.000000 -115.882353 -118.235294 0.000000 40.000000

mayhew north america equal area proxy source 465
10.000000 -175.000000 2.000000 2.000000 400.000000 36 66
1 1 1 1
0.1 1.50 -2.0 2.0 0.080
2 1 2.500000000e-01 6.665651 65.294118
0 1 1 0.0 0.0
33.000000 31.000000 -113.529412 -115.882353 0.000000 40.000000

mayhew north america equal area proxy source 466
10.000000 -175.000000 2.000000 2.000000 400.000000 36 66
1 1 1 1
0.1 1.50 -2.0 2.0 0.080
2 1 2.500000000e-01 6.665651 67.647059
0 1 1 0.0 0.0
33.000000 31.000000 -111.176471 -113.529412 0.000000 40.000000

mayhew north america equal area proxy source 467
10.000000 -175.000000 2.000000 2.000000 400.000000 36 66
1 1 1 1
0.1 1.50 -2.0 2.0 0.080
2 1 2.500000000e-01 6.665651 70.000000
0 1 1 0.0 0.0
33.000000 31.000000 -108.823529 -111.176471 0.000000 40.000000

mayhew north america equal area proxy source 468
10.000000 -175.000000 2.000000 2.000000 400.000000 36 66
1 1 1 1
0.1 1.50 -2.0 2.0 0.080
2 1 2.500000000e-01 6.665651 72.352941
0 1 1 0.0 0.0
33.000000 31.000000 -106.470588 -108.823529 0.000000 40.000000

mayhew north america equal area proxy source 469
10.000000 -175.000000 2.000000 2.000000 400.000000 36 66
1 1 1 1
0.1 1.50 -2.0 2.0 0.080
2 1 2.500000000e-01 6.665651 74.705882
0 1 1 0.0 0.0
33.000000 31.000000 -104.117647 -106.470588 0.000000 40.000000

mayhew north america equal area proxy source 470
10.000000 -175.000000 2.000000 2.000000 400.000000 36 66
1 1 1 1
0.1 1.50 -2.0 2.0 0.080
2 1 7.500000000e-01 6.665651 77.058824
0 1 1 0.0 0.0
33.000000 31.000000 -101.764706 -104.117647 0.000000 40.000000

mayhew north america equal area proxy source 471
10.000000 -175.000000 2.000000 2.000000 400.000000 36 66
1 1 1 1
0.1 1.50 -2.0 2.0 0.080
2 1 7.500000000e-01 6.665651 79.411765
0 1 1 0.0 0.0
33.000000 31.000000 -99.411765 -101.764706 0.000000 40.000000

mayhew north america equal area proxy source 472
10.000000 -175.000000 2.000000 2.000000 400.000000 36 66
1 1 1 1
0.1 1.50 -2.0 2.0 0.080
2 1 7.500000000e-01 6.665651 81.764706
0 1 1 0.0 0.0
33.000000 31.000000 -97.058824 -99.411765 0.000000 40.000000

mayhew north america equal area proxy source 473
10.000000 -175.000000 2.000000 2.000000 400.000000 36 66
1 1 1 1
0.1 1.50 -2.0 2.0 0.080
2 1 7.500000000e-01 6.665651 84.117647
0 1 1 0.0 0.0
33.000000 31.000000 -94.705882 -97.058824 0.000000 40.000000

mayhew north america equal area proxy source 474
10.000000 -175.000000 2.000000 2.000000 400.000000 36 66
1 1 1 1
0.1 1.50 -2.0 2.0 0.080
2 1 7.500000000e-01 6.665651 86.470588
0 1 1 0.0 0.0
33.000000 31.000000 -92.352941 -94.705882 0.000000 40.000000

mayhew north america equal area proxy source 475
10.000000 -175.000000 2.000000 2.000000 400.000000 36 66
1 1 1 1
0.1 1.50 -2.0 2.0 0.080
2 1 7.500000000e-01 6.665651 88.823529
0 1 1 0.0 0.0
33.000000 31.000000 -90.000000 -92.352941 0.000000 40.000000

mayhew north america equal area proxy source 476
10.000000 -175.000000 2.000000 2.000000 400.000000 36 66
1 1 1 1
0.1 1.50 -2.0 2.0 0.080
2 1 7.500000000e-01 6.665651 91.176471
0 1 1 0.0 0.0
33.000000 31.000000 -87.647059 -90.000000 0.000000 40.000000

mayhew north america equal area proxy source 477
10.000000 -175.000000 2.000000 2.000000 400.000000 36 66
1 1 1 1
0.1 1.50 -2.0 2.0 0.080
2 1 7.500000000e-01 6.665651 93.529412
0 1 1 0.0 0.0
33.000000 31.000000 -85.294118 -87.647059 0.000000 40.000000

mayhew north america equal area proxy source 478
10.000000 -175.000000 2.000000 2.000000 400.000000 36 66
1 1 1 1
0.1 1.50 -2.0 2.0 0.080
2 1 1.000000000e+00 6.665651 95.882353
0 1 1 0.0 0.0
33.000000 31.000000 -82.941176 -85.294118 0.000000 40.000000

mayhew north america equal area proxy source 479
10.000000 -175.000000 2.000000 2.000000 400.000000 36 66
1 1 1 1
0.1 1.50 -2.0 2.0 0.080
2 1 1.000000000e+00 6.665651 98.235294
0 1 1 0.0 0.0
33.000000 31.000000 -80.588235 -82.941176 0.000000 40.000000

mayhew north america equal area proxy source 480
10.000000 -175.000000 2.000000 2.000000 400.000000 36 66
1 1 1 1
0.1 1.50 -2.0 2.0 0.080
2 1 1.000000000e+00 6.665651 100.588235
0 1 1 0.0 0.0
33.000000 31.000000 -78.235294 -80.588235 0.000000 40.000000

mayhew north america equal area proxy source 481
10.000000 -175.000000 2.000000 2.000000 400.000000 36 66
1 1 1 1
0.1 1.50 -2.0 2.0 0.080
2 1 1.000000000e+00 6.665651 102.941176
0 1 1 0.0 0.0
33.000000 31.000000 -75.882353 -78.235294 0.000000 40.000000

mayhew north america equal area proxy source 482
10.000000 -175.000000 2.000000 2.000000 400.000000 36 66
1 1 1 1
0.1 1.50 -2.0 2.0 0.080
2 1 1.000000000e+00 6.665651 105.294118
0 1 1 0.0 0.0
33.000000 31.000000 -73.529412 -75.882353 0.000000 40.000000

mayhew north america equal area proxy source 483
10.000000 -175.000000 2.000000 2.000000 400.000000 36 66
1 1 1 1
0.1 1.50 -2.0 2.0 0.080
2 1 1.000000000e+00 6.665651 107.647059
0 1 1 0.0 0.0
33.000000 31.000000 -71.176471 -73.529412 0.000000 40.000000

mayhew north america equal area proxy source 484
10.000000 -175.000000 2.000000 2.000000 400.000000 36 66
1 1 1 1
0.1 1.50 -2.0 2.0 0.080
2 1 1.000000000e+00 6.665651 110.000000
0 1 1 0.0 0.0
33.000000 31.000000 -68.823529 -71.176471 0.000000 40.000000

mayhew north america equal area proxy source 485
10.000000 -175.000000 2.000000 2.000000 400.000000 36 66
1 1 1 1
0.1 1.50 -2.0 2.0 0.080
2 1 1.000000000e+00 6.665651 112.352941
0 1 1 0.0 0.0
33.000000 31.000000 -66.470588 -68.823529 0.000000 40.000000

mayhew north america equal area proxy source 486
10.000000 -175.000000 2.000000 2.000000 400.000000 36 66
1 1 1 1
0.1 1.50 -2.0 2.0 0.080
2 1 1.000000000e+00 6.665651 114.705882
0 1 1 0.0 0.0
33.000000 31.000000 -64.117647 -66.470588 0.000000 40.000000

mayhew north america equal area proxy source 487
10.000000 -175.000000 2.000000 2.000000 400.000000 36 66
1 1 1 1
0.1 1.50 -2.0 2.0 0.080
2 1 1.000000000e+00 6.665651 117.058824
0 1 1 0.0 0.0
33.000000 31.000000 -61.764706 -64.117647 0.000000 40.000000

mayhew north america equal area proxy source 488
10.000000 -175.000000 2.000000 2.000000 400.000000 36 66
1 1 1 1
0.1 1.50 -2.0 2.0 0.080
2 1 1.000000000e+00 6.665651 119.411765
0 1 1 0.0 0.0
33.000000 31.000000 -59.411765 -61.764706 0.000000 40.000000

mayhew north america equal area proxy source 489
10.000000 -175.000000 2.000000 2.000000 400.000000 36 66
1 1 1 1
0.1 1.50 -2.0 2.0 0.080
2 1 1.000000000e+00 6.665651 121.764706
0 1 1 0.0 0.0
33.000000 31.000000 -57.058824 -59.411765 0.000000 40.000000

mayhew north america equal area proxy source 490
10.000000 -175.000000 2.000000 2.000000 400.000000 36 66
1 1 1 1
0.1 1.50 -2.0 2.0 0.080
2 1 1.000000000e+00 6.665651 124.117647
0 1 1 0.0 0.0
33.000000 31.000000 -54.705882 -57.058824 0.000000 40.000000

mayhew north america equal area proxy source 491
10.000000 -175.000000 2.000000 2.000000 400.000000 36 66
1 1 1 1
0.1 1.50 -2.0 2.0 0.080
2 1 1.000000000e+00 6.665651 126.470588
0 1 1 0.0 0.0
33.000000 31.000000 -52.352941 -54.705882 0.000000 40.000000

mayhew north america equal area proxy source 492
10.000000 -175.000000 2.000000 2.000000 400.000000 36 66
1 1 1 1
0.1 1.50 -2.0 2.0 0.080
2 1 1.000000000e+00 6.665651 128.823529
0 1 1 0.0 0.0
33.000000 31.000000 -50.000000 -52.352941 0.000000 40.000000

mayhew north america equal area proxy source 493
10.000000 -175.000000 2.000000 2.000000 400.000000 36 66
1 1 1 1
0.1 1.50 -2.0 2.0 0.080
2 1 2.500000000e-01 2.548819 11.200000
0 1 1 0.0 0.0
35.000000 33.000000 -167.600000 -170.000000 0.000000 40.000000

mayhew north america equal area proxy source 494
10.000000 -175.000000 2.000000 2.000000 400.000000 36 66
1 1 1 1
0.1 1.50 -2.0 2.0 0.080
2 1 2.500000000e-01 2.548819 13.600000
0 1 1 0.0 0.0
35.000000 33.000000 -165.200000 -167.600000 0.000000 40.000000

mayhew north america equal area proxy source 495
10.000000 -175.000000 2.000000 2.000000 400.000000 36 66
1 1 1 1
0.1 1.50 -2.0 2.0 0.080
2 1 2.500000000e-01 2.548819 16.000000
0 1 1 0.0 0.0
35.000000 33.000000 -162.800000 -165.200000 0.000000 40.000000

mayhew north america equal area proxy source 496
10.000000 -175.000000 2.000000 2.000000 400.000000 36 66
1 1 1 1
0.1 1.50 -2.0 2.0 0.080
2 1 2.500000000e-01 2.548819 18.400000
0 1 1 0.0 0.0
35.000000 33.000000 -160.400000 -162.800000 0.000000 40.000000

mayhew north america equal area proxy source 497
10.000000 -175.000000 2.000000 2.000000 400.000000 36 66
1 1 1 1
0.1 1.50 -2.0 2.0 0.080
2 1 2.500000000e-01 2.548819 20.800000
0 1 1 0.0 0.0
35.000000 33.000000 -158.000000 -160.400000 0.000000 40.000000

mayhew north america equal area proxy source 498
10.000000 -175.000000 2.000000 2.000000 400.000000 36 66
1 1 1 1
0.1 1.50 -2.0 2.0 0.080
2 1 2.500000000e-01 2.548819 23.200000
0 1 1 0.0 0.0
35.000000 33.000000 -155.600000 -158.000000 0.000000 40.000000

mayhew north america equal area proxy source 499
10.000000 -175.000000 2.000000 2.000000 400.000000 36 66
1 1 1 1
0.1 1.50 -2.0 2.0 0.080
2 1 2.500000000e-01 2.548819 25.600000
0 1 1 0.0 0.0
35.000000 33.000000 -153.200000 -155.600000 0.000000 40.000000

mayhew north america equal area proxy source 500
10.000000 -175.000000 2.000000 2.000000 400.000000 36 66
1 1 1 1
0.1 1.50 -2.0 2.0 0.080
2 1 2.500000000e-01 2.548819 28.000000
0 1 1 0.0 0.0
35.000000 33.000000 -150.800000 -153.200000 0.000000 40.000000

mayhew north america equal area proxy source 501
10.000000 -175.000000 2.000000 2.000000 400.000000 36 66
1 1 1 1
0.1 1.50 -2.0 2.0 0.080
2 1 2.500000000e-01 2.548819 30.400000
0 1 1 0.0 0.0
35.000000 33.000000 -148.400000 -150.800000 0.000000 40.000000

mayhew north america equal area proxy source 502
10.000000 -175.000000 2.000000 2.000000 400.000000 36 66
1 1 1 1
0.1 1.50 -2.0 2.0 0.080
2 1 2.500000000e-01 2.548819 32.800000
0 1 1 0.0 0.0
35.000000 33.000000 -146.000000 -148.400000 0.000000 40.000000

mayhew north america equal area proxy source 503
10.000000 -175.000000 2.000000 2.000000 400.000000 36 66
1 1 1 1
0.1 1.50 -2.0 2.0 0.080
2 1 2.500000000e-01 2.548819 35.200000
0 1 1 0.0 0.0
35.000000 33.000000 -143.600000 -146.000000 0.000000 40.000000

mayhew north america equal area proxy source 504
10.000000 -175.000000 2.000000 2.000000 400.000000 36 66
1 1 1 1
0.1 1.50 -2.0 2.0 0.080
2 1 2.500000000e-01 2.548819 37.600000
0 1 1 0.0 0.0
35.000000 33.000000 -141.200000 -143.600000 0.000000 40.000000

mayhew north america equal area proxy source 505
10.000000 -175.000000 2.000000 2.000000 400.000000 36 66
1 1 1 1
0.1 1.50 -2.0 2.0 0.080
2 1 2.500000000e-01 2.548819 40.000000
0 1 1 0.0 0.0
35.000000 33.000000 -138.800000 -141.200000 0.000000 40.000000

mayhew north america equal area proxy source 506
10.000000 -175.000000 2.000000 2.000000 400.000000 36 66
1 1 1 1
0.1 1.50 -2.0 2.0 0.080
2 1 2.500000000e-01 2.548819 42.400000
0 1 1 0.0 0.0
35.000000 33.000000 -136.400000 -138.800000 0.000000 40.000000

mayhew north america equal area proxy source 507
10.000000 -175.000000 2.000000 2.000000 400.000000 36 66
1 1 1 1
0.1 1.50 -2.0 2.0 0.080
2 1 2.500000000e-01 2.548819 44.800000
0 1 1 0.0 0.0
35.000000 33.000000 -134.000000 -136.400000 0.000000 40.000000

mayhew north america equal area proxy source 508
10.000000 -175.000000 2.000000 2.000000 400.000000 36 66
1 1 1 1
0.1 1.50 -2.0 2.0 0.080
2 1 2.500000000e-01 2.548819 47.200000
0 1 1 0.0 0.0
35.000000 33.000000 -131.600000 -134.000000 0.000000 40.000000

mayhew north america equal area proxy source 509
10.000000 -175.000000 2.000000 2.000000 400.000000 36 66
1 1 1 1
0.1 1.50 -2.0 2.0 0.080
2 1 2.500000000e-01 2.548819 49.600000
0 1 1 0.0 0.0
35.000000 33.000000 -129.200000 -131.600000 0.000000 40.000000

mayhew north america equal area proxy source 510
10.000000 -175.000000 2.000000 2.000000 400.000000 36 66
1 1 1 1
0.1 1.50 -2.0 2.0 0.080
2 1 2.500000000e-01 2.548819 52.000000
0 1 1 0.0 0.0
35.000000 33.000000 -126.800000 -129.200000 0.000000 40.000000

mayhew north america equal area proxy source 511
10.000000 -175.000000 2.000000 2.000000 400.000000 36 66
1 1 1 1
0.1 1.50 -2.0 2.0 0.080
2 1 2.500000000e-01 2.548819 54.400000
0 1 1 0.0 0.0
35.000000 33.000000 -124.400000 -126.800000 0.000000 40.000000

mayhew north america equal area proxy source 512
10.000000 -175.000000 2.000000 2.000000 400.000000 36 66
1 1 1 1
0.1 1.50 -2.0 2.0 0.080
2 1 2.500000000e-01 2.548819 56.800000
0 1 1 0.0 0.0
35.000000 33.000000 -122.000000 -124.400000 0.000000 40.000000

mayhew north america equal area proxy source 513
10.000000 -175.000000 2.000000 2.000000 400.000000 36 66
1 1 1 1
0.1 1.50 -2.0 2.0 0.080
2 1 2.500000000e-01 2.548819 59.200000
0 1 1 0.0 0.0
35.000000 33.000000 -119.600000 -122.000000 0.000000 40.000000

mayhew north america equal area proxy source 514
10.000000 -175.000000 2.000000 2.000000 400.000000 36 66
1 1 1 1
0.1 1.50 -2.0 2.0 0.080
2 1 2.500000000e-01 2.548819 61.600000
0 1 1 0.0 0.0
35.000000 33.000000 -117.200000 -119.600000 0.000000 40.000000

mayhew north america equal area proxy source 515
10.000000 -175.000000 2.000000 2.000000 400.000000 36 66
1 1 1 1
0.1 1.50 -2.0 2.0 0.080
2 1 2.500000000e-01 2.548819 64.000000
0 1 1 0.0 0.0
35.000000 33.000000 -114.800000 -117.200000 0.000000 40.000000

mayhew north america equal area proxy source 516
10.000000 -175.000000 2.000000 2.000000 400.000000 36 66
1 1 1 1
0.1 1.50 -2.0 2.0 0.080
2 1 2.500000000e-01 2.548819 66.400000
0 1 1 0.0 0.0
35.000000 33.000000 -112.400000 -114.800000 0.000000 40.000000

mayhew north america equal area proxy source 517
10.000000 -175.000000 2.000000 2.000000 400.000000 36 66
1 1 1 1
0.1 1.50 -2.0 2.0 0.080
2 1 2.500000000e-01 2.548819 68.800000
0 1 1 0.0 0.0
35.000000 33.000000 -110.000000 -112.400000 0.000000 40.000000

mayhew north america equal area proxy source 518
10.000000 -175.000000 2.000000 2.000000 400.000000 36 66
1 1 1 1
0.1 1.50 -2.0 2.0 0.080
2 1 2.500000000e-01 2.548819 71.200000
0 1 1 0.0 0.0
35.000000 33.000000 -107.600000 -110.000000 0.000000 40.000000

mayhew north america equal area proxy source 519
10.000000 -175.000000 2.000000 2.000000 400.000000 36 66
1 1 1 1
0.1 1.50 -2.0 2.0 0.080
2 1 2.500000000e-01 2.548819 73.600000
0 1 1 0.0 0.0
35.000000 33.000000 -105.200000 -107.600000 0.000000 40.000000

mayhew north america equal area proxy source 520
10.000000 -175.000000 2.000000 2.000000 400.000000 36 66
1 1 1 1
0.1 1.50 -2.0 2.0 0.080
2 1 7.500000000e-01 2.548819 76.000000
0 1 1 0.0 0.0
35.000000 33.000000 -102.800000 -105.200000 0.000000 40.000000

mayhew north america equal area proxy source 521
10.000000 -175.000000 2.000000 2.000000 400.000000 36 66
1 1 1 1
0.1 1.50 -2.0 2.0 0.080
2 1 7.500000000e-01 2.548819 78.400000
0 1 1 0.0 0.0
35.000000 33.000000 -100.400000 -102.800000 0.000000 40.000000

mayhew north america equal area proxy source 522
10.000000 -175.000000 2.000000 2.000000 400.000000 36 66
1 1 1 1
0.1 1.50 -2.0 2.0 0.080
2 1 7.500000000e-01 2.548819 80.800000
0 1 1 0.0 0.0
35.000000 33.000000 -98.000000 -100.400000 0.000000 40.000000

mayhew north america equal area proxy source 523
10.000000 -175.000000 2.000000 2.000000 400.000000 36 66
1 1 1 1
0.1 1.50 -2.0 2.0 0.080
2 1 7.500000000e-01 2.548819 83.200000
0 1 1 0.0 0.0
35.000000 33.000000 -95.600000 -98.000000 0.000000 40.000000

mayhew north america equal area proxy source 524
10.000000 -175.000000 2.000000 2.000000 400.000000 36 66
1 1 1 1
0.1 1.50 -2.0 2.0 0.080
2 1 7.500000000e-01 2.548819 85.600000
0 1 1 0.0 0.0
35.000000 33.000000 -93.200000 -95.600000 0.000000 40.000000

mayhew north america equal area proxy source 525
10.000000 -175.000000 2.000000 2.000000 400.000000 36 66
1 1 1 1
0.1 1.50 -2.0 2.0 0.080
2 1 7.500000000e-01 2.548819 88.000000
0 1 1 0.0 0.0
35.000000 33.000000 -90.800000 -93.200000 0.000000 40.000000

mayhew north america equal area proxy source 526
10.000000 -175.000000 2.000000 2.000000 400.000000 36 66
1 1 1 1
0.1 1.50 -2.0 2.0 0.080
2 1 7.500000000e-01 2.548819 90.400000
0 1 1 0.0 0.0
35.000000 33.000000 -88.400000 -90.800000 0.000000 40.000000

mayhew north america equal area proxy source 527
10.000000 -175.000000 2.000000 2.000000 400.000000 36 66
1 1 1 1
0.1 1.50 -2.0 2.0 0.080
2 1 7.500000000e-01 2.548819 92.800000
0 1 1 0.0 0.0
35.000000 33.000000 -86.000000 -88.400000 0.000000 40.000000

mayhew north america equal area proxy source 528
10.000000 -175.000000 2.000000 2.000000 400.000000 36 66
1 1 1 1
0.1 1.50 -2.0 2.0 0.080
2 1 1.000000000e+00 2.548819 95.200000
0 1 1 0.0 0.0
35.000000 33.000000 -83.600000 -86.000000 0.000000 40.000000

mayhew north america equal area proxy source 529
10.000000 -175.000000 2.000000 2.000000 400.000000 36 66
1 1 1 1
0.1 1.50 -2.0 2.0 0.080
2 1 1.000000000e+00 2.548819 97.600000
0 1 1 0.0 0.0
35.000000 33.000000 -81.200000 -83.600000 0.000000 40.000000

mayhew north america equal area proxy source 530
10.000000 -175.000000 2.000000 2.000000 400.000000 36 66
1 1 1 1
0.1 1.50 -2.0 2.0 0.080
2 1 1.000000000e+00 2.548819 100.000000
0 1 1 0.0 0.0
35.000000 33.000000 -78.800000 -81.200000 0.000000 40.000000

mayhew north america equal area proxy source 531
10.000000 -175.000000 2.000000 2.000000 400.000000 36 66
1 1 1 1
0.1 1.50 -2.0 2.0 0.080
2 1 1.000000000e+00 2.548819 102.400000
0 1 1 0.0 0.0
35.000000 33.000000 -76.400000 -78.800000 0.000000 40.000000

mayhew north america equal area proxy source 532
10.000000 -175.000000 2.000000 2.000000 400.000000 36 66
1 1 1 1
0.1 1.50 -2.0 2.0 0.080
2 1 1.000000000e+00 2.548819 104.800000
0 1 1 0.0 0.0
35.000000 33.000000 -74.000000 -76.400000 0.000000 40.000000

mayhew north america equal area proxy source 533
10.000000 -175.000000 2.000000 2.000000 400.000000 36 66
1 1 1 1
0.1 1.50 -2.0 2.0 0.080
2 1 1.000000000e+00 2.548819 107.200000
0 1 1 0.0 0.0
35.000000 33.000000 -71.600000 -74.000000 0.000000 40.000000

mayhew north america equal area proxy source 534
10.000000 -175.000000 2.000000 2.000000 400.000000 36 66
1 1 1 1
0.1 1.50 -2.0 2.0 0.080
2 1 1.000000000e+00 2.548819 109.600000
0 1 1 0.0 0.0
35.000000 33.000000 -69.200000 -71.600000 0.000000 40.000000

mayhew north america equal area proxy source 535
10.000000 -175.000000 2.000000 2.000000 400.000000 36 66
1 1 1 1
0.1 1.50 -2.0 2.0 0.080
2 1 1.000000000e+00 2.548819 112.000000
0 1 1 0.0 0.0
35.000000 33.000000 -66.800000 -69.200000 0.000000 40.000000

mayhew north america equal area proxy source 536
10.000000 -175.000000 2.000000 2.000000 400.000000 36 66
1 1 1 1
0.1 1.50 -2.0 2.0 0.080
2 1 1.000000000e+00 2.548819 114.400000
0 1 1 0.0 0.0
35.000000 33.000000 -64.400000 -66.800000 0.000000 40.000000

mayhew north america equal area proxy source 537
10.000000 -175.000000 2.000000 2.000000 400.000000 36 66
1 1 1 1
0.1 1.50 -2.0 2.0 0.080
2 1 1.000000000e+00 2.548819 116.800000
0 1 1 0.0 0.0
35.000000 33.000000 -62.000000 -64.400000 0.000000 40.000000

mayhew north america equal area proxy source 538
10.000000 -175.000000 2.000000 2.000000 400.000000 36 66
1 1 1 1
0.1 1.50 -2.0 2.0 0.080
2 1 1.000000000e+00 2.548819 119.200000
0 1 1 0.0 0.0
35.000000 33.000000 -59.600000 -62.000000 0.000000 40.000000

mayhew north america equal area proxy source 539
10.000000 -175.000000 2.000000 2.000000 400.000000 36 66
1 1 1 1
0.1 1.50 -2.0 2.0 0.080
2 1 1.000000000e+00 2.548819 121.600000
0 1 1 0.0 0.0
35.000000 33.000000 -57.200000 -59.600000 0.000000 40.000000

mayhew north america equal area proxy source 540
10.000000 -175.000000 2.000000 2.000000 400.000000 36 66
1 1 1 1
0.1 1.50 -2.0 2.0 0.080
2 1 1.000000000e+00 2.548819 124.000000
0 1 1 0.0 0.0
35.000000 33.000000 -54.800000 -57.200000 0.000000 40.000000

mayhew north america equal area proxy source 541
10.000000 -175.000000 2.000000 2.000000 400.000000 36 66
1 1 1 1
0.1 1.50 -2.0 2.0 0.080
2 1 1.000000000e+00 2.548819 126.400000
0 1 1 0.0 0.0
35.000000 33.000000 -52.400000 -54.800000 0.000000 40.000000

mayhew north america equal area proxy source 542
10.000000 -175.000000 2.000000 2.000000 400.000000 36 66
1 1 1 1
0.1 1.50 -2.0 2.0 0.080
2 1 1.000000000e+00 2.548819 128.800000
0 1 1 0.0 0.0
35.000000 33.000000 -50.000000 -52.400000 0.000000 40.000000

mayhew north america equal area proxy source 543
10.000000 -175.000000 2.000000 2.000000 400.000000 36 66
1 1 1 1
0.1 1.50 -2.0 2.0 0.080
2 1 2.500000000e-01 -1.464603 11.224490
0 1 1 0.0 0.0
37.000000 35.000000 -167.551020 -170.000000 0.000000 40.000000

mayhew north america equal area proxy source 544
10.000000 -175.000000 2.000000 2.000000 400.000000 36 66
1 1 1 1
0.1 1.50 -2.0 2.0 0.080
2 1 2.500000000e-01 -1.464603 13.673469
0 1 1 0.0 0.0
37.000000 35.000000 -165.102041 -167.551020 0.000000 40.000000

mayhew north america equal area proxy source 545
10.000000 -175.000000 2.000000 2.000000 400.000000 36 66
1 1 1 1
0.1 1.50 -2.0 2.0 0.080
2 1 2.500000000e-01 -1.464603 16.122449
0 1 1 0.0 0.0
37.000000 35.000000 -162.653061 -165.102041 0.000000 40.000000

mayhew north america equal area proxy source 546
10.000000 -175.000000 2.000000 2.000000 400.000000 36 66
1 1 1 1
0.1 1.50 -2.0 2.0 0.080
2 1 2.500000000e-01 -1.464603 18.571429
0 1 1 0.0 0.0
37.000000 35.000000 -160.204082 -162.653061 0.000000 40.000000

mayhew north america equal area proxy source 547
10.000000 -175.000000 2.000000 2.000000 400.000000 36 66
1 1 1 1
0.1 1.50 -2.0 2.0 0.080
2 1 2.500000000e-01 -1.464603 21.020408
0 1 1 0.0 0.0
37.000000 35.000000 -157.755102 -160.204082 0.000000 40.000000

mayhew north america equal area proxy source 548
10.000000 -175.000000 2.000000 2.000000 400.000000 36 66
1 1 1 1
0.1 1.50 -2.0 2.0 0.080
2 1 2.500000000e-01 -1.464603 23.469388
0 1 1 0.0 0.0
37.000000 35.000000 -155.306122 -157.755102 0.000000 40.000000

mayhew north america equal area proxy source 549
10.000000 -175.000000 2.000000 2.000000 400.000000 36 66
1 1 1 1
0.1 1.50 -2.0 2.0 0.080
2 1 2.500000000e-01 -1.464603 25.918367
0 1 1 0.0 0.0
37.000000 35.000000 -152.857143 -155.306122 0.000000 40.000000

mayhew north america equal area proxy source 550
10.000000 -175.000000 2.000000 2.000000 400.000000 36 66
1 1 1 1
0.1 1.50 -2.0 2.0 0.080
2 1 2.500000000e-01 -1.464603 28.367347
0 1 1 0.0 0.0
37.000000 35.000000 -150.408163 -152.857143 0.000000 40.000000

mayhew north america equal area proxy source 551
10.000000 -175.000000 2.000000 2.000000 400.000000 36 66
1 1 1 1
0.1 1.50 -2.0 2.0 0.080
2 1 2.500000000e-01 -1.464603 30.816327
0 1 1 0.0 0.0
37.000000 35.000000 -147.959184 -150.408163 0.000000 40.000000

mayhew north america equal area proxy source 552
10.000000 -175.000000 2.000000 2.000000 400.000000 36 66
1 1 1 1
0.1 1.50 -2.0 2.0 0.080
2 1 2.500000000e-01 -1.464603 33.265306
0 1 1 0.0 0.0
37.000000 35.000000 -145.510204 -147.959184 0.000000 40.000000

mayhew north america equal area proxy source 553
10.000000 -175.000000 2.000000 2.000000 400.000000 36 66
1 1 1 1
0.1 1.50 -2.0 2.0 0.080
2 1 2.500000000e-01 -1.464603 35.714286
0 1 1 0.0 0.0
37.000000 35.000000 -143.061224 -145.510204 0.000000 40.000000

mayhew north america equal area proxy source 554
10.000000 -175.000000 2.000000 2.000000 400.000000 36 66
1 1 1 1
0.1 1.50 -2.0 2.0 0.080
2 1 2.500000000e-01 -1.464603 38.163265
0 1 1 0.0 0.0
37.000000 35.000000 -140.612245 -143.061224 0.000000 40.000000

mayhew north america equal area proxy source 555
10.000000 -175.000000 2.000000 2.000000 400.000000 36 66
1 1 1 1
0.1 1.50 -2.0 2.0 0.080
2 1 2.500000000e-01 -1.464603 40.612245
0 1 1 0.0 0.0
37.000000 35.000000 -138.163265 -140.612245 0.000000 40.000000

mayhew north america equal area proxy source 556
10.000000 -175.000000 2.000000 2.000000 400.000000 36 66
1 1 1 1
0.1 1.50 -2.0 2.0 0.080
2 1 2.500000000e-01 -1.464603 43.061224
0 1 1 0.0 0.0
37.000000 35.000000 -135.714286 -138.163265 0.000000 40.000000

mayhew north america equal area proxy source 557
10.000000 -175.000000 2.000000 2.000000 400.000000 36 66
1 1 1 1
0.1 1.50 -2.0 2.0 0.080
2 1 2.500000000e-01 -1.464603 45.510204
0 1 1 0.0 0.0
37.000000 35.000000 -133.265306 -135.714286 0.000000 40.000000

mayhew north america equal area proxy source 558
10.000000 -175.000000 2.000000 2.000000 400.000000 36 66
1 1 1 1
0.1 1.50 -2.0 2.0 0.080
2 1 2.500000000e-01 -1.464603 47.959184
0 1 1 0.0 0.0
37.000000 35.000000 -130.816327 -133.265306 0.000000 40.000000

mayhew north america equal area proxy source 559
10.000000 -175.000000 2.000000 2.000000 400.000000 36 66
1 1 1 1
0.1 1.50 -2.0 2.0 0.080
2 1 2.500000000e-01 -1.464603 50.408163
0 1 1 0.0 0.0
37.000000 35.000000 -128.367347 -130.816327 0.000000 40.000000

mayhew north america equal area proxy source 560
10.000000 -175.000000 2.000000 2.000000 400.000000 36 66
1 1 1 1
0.1 1.50 -2.0 2.0 0.080
2 1 2.500000000e-01 -1.464603 52.857143
0 1 1 0.0 0.0
37.000000 35.000000 -125.918367 -128.367347 0.000000 40.000000

mayhew north america equal area proxy source 561
10.000000 -175.000000 2.000000 2.000000 400.000000 36 66
1 1 1 1
0.1 1.50 -2.0 2.0 0.080
2 1 2.500000000e-01 -1.464603 55.306122
0 1 1 0.0 0.0
37.000000 35.000000 -123.469388 -125.918367 0.000000 40.000000

mayhew north america equal area proxy source 562
10.000000 -175.000000 2.000000 2.000000 400.000000 36 66
1 1 1 1
0.1 1.50 -2.0 2.0 0.080
2 1 2.500000000e-01 -1.464603 57.755102
0 1 1 0.0 0.0
37.000000 35.000000 -121.020408 -123.469388 0.000000 40.000000

mayhew north america equal area proxy source 563
10.000000 -175.000000 2.000000 2.000000 400.000000 36 66
1 1 1 1
0.1 1.50 -2.0 2.0 0.080
2 1 2.500000000e-01 -1.464603 60.204082
0 1 1 0.0 0.0
37.000000 35.000000 -118.571429 -121.020408 0.000000 40.000000

mayhew north america equal area proxy source 564
10.000000 -175.000000 2.000000 2.000000 400.000000 36 66
1 1 1 1
0.1 1.50 -2.0 2.0 0.080
2 1 2.500000000e-01 -1.464603 62.653061
0 1 1 0.0 0.0
37.000000 35.000000 -116.122449 -118.571429 0.000000 40.000000

mayhew north america equal area proxy source 565
10.000000 -175.000000 2.000000 2.000000 400.000000 36 66
1 1 1 1
0.1 1.50 -2.0 2.0 0.080
2 1 2.500000000e-01 -1.464603 65.102041
0 1 1 0.0 0.0
37.000000 35.000000 -113.673469 -116.122449 0.000000 40.000000

mayhew north america equal area proxy source 566
10.000000 -175.000000 2.000000 2.000000 400.000000 36 66
1 1 1 1
0.1 1.50 -2.0 2.0 0.080
2 1 2.500000000e-01 -1.464603 67.551020
0 1 1 0.0 0.0
37.000000 35.000000 -111.224490 -113.673469 0.000000 40.000000

mayhew north america equal area proxy source 567
10.000000 -175.000000 2.000000 2.000000 400.000000 36 66
1 1 1 1
0.1 1.50 -2.0 2.0 0.080
2 1 2.500000000e-01 -1.464603 70.000000
0 1 1 0.0 0.0
37.000000 35.000000 -108.775510 -111.224490 0.000000 40.000000

mayhew north america equal area proxy source 568
10.000000 -175.000000 2.000000 2.000000 400.000000 36 66
1 1 1 1
0.1 1.50 -2.0 2.0 0.080
2 1 2.500000000e-01 -1.464603 72.448980
0 1 1 0.0 0.0
37.000000 35.000000 -106.326531 -108.775510 0.000000 40.000000

mayhew north america equal area proxy source 569
10.000000 -175.000000 2.000000 2.000000 400.000000 36 66
1 1 1 1
0.1 1.50 -2.0 2.0 0.080
2 1 2.500000000e-01 -1.464603 74.897959
0 1 1 0.0 0.0
37.000000 35.000000 -103.877551 -106.326531 0.000000 40.000000

mayhew north america equal area proxy source 570
10.000000 -175.000000 2.000000 2.000000 400.000000 36 66
1 1 1 1
0.1 1.50 -2.0 2.0 0.080
2 1 7.500000000e-01 -1.464603 77.346939
0 1 1 0.0 0.0
37.000000 35.000000 -101.428571 -103.877551 0.000000 40.000000

mayhew north america equal area proxy source 571
10.000000 -175.000000 2.000000 2.000000 400.000000 36 66
1 1 1 1
0.1 1.50 -2.0 2.0 0.080
2 1 7.500000000e-01 -1.464603 79.795918
0 1 1 0.0 0.0
37.000000 35.000000 -98.979592 -101.428571 0.000000 40.000000

mayhew north america equal area proxy source 572
10.000000 -175.000000 2.000000 2.000000 400.000000 36 66
1 1 1 1
0.1 1.50 -2.0 2.0 0.080
2 1 7.500000000e-01 -1.464603 82.244898
0 1 1 0.0 0.0
37.000000 35.000000 -96.530612 -98.979592 0.000000 40.000000

mayhew north america equal area proxy source 573
10.000000 -175.000000 2.000000 2.000000 400.000000 36 66
1 1 1 1
0.1 1.50 -2.0 2.0 0.080
2 1 7.500000000e-01 -1.464603 84.693878
0 1 1 0.0 0.0
37.000000 35.000000 -94.081633 -96.530612 0.000000 40.000000

mayhew north america equal area proxy source 574
10.000000 -175.000000 2.000000 2.000000 400.000000 36 66
1 1 1 1
0.1 1.50 -2.0 2.0 0.080
2 1 7.500000000e-01 -1.464603 87.142857
0 1 1 0.0 0.0
37.000000 35.000000 -91.632653 -94.081633 0.000000 40.000000

mayhew north america equal area proxy source 575
10.000000 -175.000000 2.000000 2.000000 400.000000 36 66
1 1 1 1
0.1 1.50 -2.0 2.0 0.080
2 1 7.500000000e-01 -1.464603 89.591837
0 1 1 0.0 0.0
37.000000 35.000000 -89.183673 -91.632653 0.000000 40.000000

mayhew north america equal area proxy source 576
10.000000 -175.000000 2.000000 2.000000 400.000000 36 66
1 1 1 1
0.1 1.50 -2.0 2.0 0.080
2 1 7.500000000e-01 -1.464603 92.040816
0 1 1 0.0 0.0
37.000000 35.000000 -86.734694 -89.183673 0.000000 40.000000

mayhew north america equal area proxy source 577
10.000000 -175.000000 2.000000 2.000000 400.000000 36 66
1 1 1 1
0.1 1.50 -2.0 2.0 0.080
2 1 7.500000000e-01 -1.464603 94.489796
0 1 1 0.0 0.0
37.000000 35.000000 -84.285714 -86.734694 0.000000 40.000000

mayhew north america equal area proxy source 578
10.000000 -175.000000 2.000000 2.000000 400.000000 36 66
1 1 1 1
0.1 1.50 -2.0 2.0 0.080
2 1 1.000000000e+00 -1.464603 96.938776
0 1 1 0.0 0.0
37.000000 35.000000 -81.836735 -84.285714 0.000000 40.000000

mayhew north america equal area proxy source 579
10.000000 -175.000000 2.000000 2.000000 400.000000 36 66
1 1 1 1
0.1 1.50 -2.0 2.0 0.080
2 1 1.000000000e+00 -1.464603 99.387755
0 1 1 0.0 0.0
37.000000 35.000000 -79.387755 -81.836735 0.000000 40.000000

mayhew north america equal area proxy source 580
10.000000 -175.000000 2.000000 2.000000 400.000000 36 66
1 1 1 1
0.1 1.50 -2.0 2.0 0.080
2 1 1.000000000e+00 -1.464603 101.836735
0 1 1 0.0 0.0
37.000000 35.000000 -76.938776 -79.387755 0.000000 40.000000

mayhew north america equal area proxy source 581
10.000000 -175.000000 2.000000 2.000000 400.000000 36 66
1 1 1 1
0.1 1.50 -2.0 2.0 0.080
2 1 1.000000000e+00 -1.464603 104.285714
0 1 1 0.0 0.0
37.000000 35.000000 -74.489796 -76.938776 0.000000 40.000000

mayhew north america equal area proxy source 582
10.000000 -175.000000 2.000000 2.000000 400.000000 36 66
1 1 1 1
0.1 1.50 -2.0 2.0 0.080
2 1 1.000000000e+00 -1.464603 106.734694
0 1 1 0.0 0.0
37.000000 35.000000 -72.040816 -74.489796 0.000000 40.000000

mayhew north america equal area proxy source 583
10.000000 -175.000000 2.000000 2.000000 400.000000 36 66
1 1 1 1
0.1 1.50 -2.0 2.0 0.080
2 1 1.000000000e+00 -1.464603 109.183673
0 1 1 0.0 0.0
37.000000 35.000000 -69.591837 -72.040816 0.000000 40.000000

mayhew north america equal area proxy source 584
10.000000 -175.000000 2.000000 2.000000 400.000000 36 66
1 1 1 1
0.1 1.50 -2.0 2.0 0.080
2 1 1.000000000e+00 -1.464603 111.632653
0 1 1 0.0 0.0
37.000000 35.000000 -67.142857 -69.591837 0.000000 40.000000

mayhew north america equal area proxy source 585
10.000000 -175.000000 2.000000 2.000000 400.000000 36 66
1 1 1 1
0.1 1.50 -2.0 2.0 0.080
2 1 1.000000000e+00 -1.464603 114.081633
0 1 1 0.0 0.0
37.000000 35.000000 -64.693878 -67.142857 0.000000 40.000000

mayhew north america equal area proxy source 586
10.000000 -175.000000 2.000000 2.000000 400.000000 36 66
1 1 1 1
0.1 1.50 -2.0 2.0 0.080
2 1 1.000000000e+00 -1.464603 116.530612
0 1 1 0.0 0.0
37.000000 35.000000 -62.244898 -64.693878 0.000000 40.000000

mayhew north america equal area proxy source 587
10.000000 -175.000000 2.000000 2.000000 400.000000 36 66
1 1 1 1
0.1 1.50 -2.0 2.0 0.080
2 1 1.000000000e+00 -1.464603 118.979592
0 1 1 0.0 0.0
37.000000 35.000000 -59.795918 -62.244898 0.000000 40.000000

mayhew north america equal area proxy source 588
10.000000 -175.000000 2.000000 2.000000 400.000000 36 66
1 1 1 1
0.1 1.50 -2.0 2.0 0.080
2 1 1.000000000e+00 -1.464603 121.428571
0 1 1 0.0 0.0
37.000000 35.000000 -57.346939 -59.795918 0.000000 40.000000

mayhew north america equal area proxy source 589
10.000000 -175.000000 2.000000 2.000000 400.000000 36 66
1 1 1 1
0.1 1.50 -2.0 2.0 0.080
2 1 1.000000000e+00 -1.464603 123.877551
0 1 1 0.0 0.0
37.000000 35.000000 -54.897959 -57.346939 0.000000 40.000000

mayhew north america equal area proxy source 590
10.000000 -175.000000 2.000000 2.000000 400.000000 36 66
1 1 1 1
0.1 1.50 -2.0 2.0 0.080
2 1 1.000000000e+00 -1.464603 126.326531
0 1 1 0.0 0.0
37.000000 35.000000 -52.448980 -54.897959 0.000000 40.000000

mayhew north america equal area proxy source 591
10.000000 -175.000000 2.000000 2.000000 400.000000 36 66
1 1 1 1
0.1 1.50 -2.0 2.0 0.080
2 1 1.000000000e+00 -1.464603 128.775510
0 1 1 0.0 0.0
37.000000 35.000000 -50.000000 -52.448980 0.000000 40.000000

mayhew north america equal area proxy source 592
10.000000 -175.000000 2.000000 2.000000 400.000000 36 66
1 1 1 1
0.1 1.50 -2.0 2.0 0.080
2 1 2.500000000e-01 -5.381943 11.276596
0 1 1 0.0 0.0
39.000000 37.000000 -167.446809 -170.000000 0.000000 40.000000

mayhew north america equal area proxy source 593
10.000000 -175.000000 2.000000 2.000000 400.000000 36 66
1 1 1 1
0.1 1.50 -2.0 2.0 0.080
2 1 2.500000000e-01 -5.381943 13.829787
0 1 1 0.0 0.0
39.000000 37.000000 -164.893617 -167.446809 0.000000 40.000000

mayhew north america equal area proxy source 594
10.000000 -175.000000 2.000000 2.000000 400.000000 36 66
1 1 1 1
0.1 1.50 -2.0 2.0 0.080
2 1 2.500000000e-01 -5.381943 16.382979
0 1 1 0.0 0.0
39.000000 37.000000 -162.340426 -164.893617 0.000000 40.000000

mayhew north america equal area proxy source 595
10.000000 -175.000000 2.000000 2.000000 400.000000 36 66
1 1 1 1
0.1 1.50 -2.0 2.0 0.080
2 1 2.500000000e-01 -5.381943 18.936170
0 1 1 0.0 0.0
39.000000 37.000000 -159.787234 -162.340426 0.000000 40.000000

mayhew north america equal area proxy source 596
10.000000 -175.000000 2.000000 2.000000 400.000000 36 66
1 1 1 1
0.1 1.50 -2.0 2.0 0.080
2 1 2.500000000e-01 -5.381943 21.489362
0 1 1 0.0 0.0
39.000000 37.000000 -157.234043 -159.787234 0.000000 40.000000

mayhew north america equal area proxy source 597
10.000000 -175.000000 2.000000 2.000000 400.000000 36 66
1 1 1 1
0.1 1.50 -2.0 2.0 0.080
2 1 2.500000000e-01 -5.381943 24.042553
0 1 1 0.0 0.0
39.000000 37.000000 -154.680851 -157.234043 0.000000 40.000000

mayhew north america equal area proxy source 598
10.000000 -175.000000 2.000000 2.000000 400.000000 36 66
1 1 1 1
0.1 1.50 -2.0 2.0 0.080
2 1 2.500000000e-01 -5.381943 26.595745
0 1 1 0.0 0.0
39.000000 37.000000 -152.127660 -154.680851 0.000000 40.000000

mayhew north america equal area proxy source 599
10.000000 -175.000000 2.000000 2.000000 400.000000 36 66
1 1 1 1
0.1 1.50 -2.0 2.0 0.080
2 1 2.500000000e-01 -5.381943 29.148936
0 1 1 0.0 0.0
39.000000 37.000000 -149.574468 -152.127660 0.000000 40.000000

mayhew north america equal area proxy source 600
10.000000 -175.000000 2.000000 2.000000 400.000000 36 66
1 1 1 1
0.1 1.50 -2.0 2.0 0.080
2 1 2.500000000e-01 -5.381943 31.702128
0 1 1 0.0 0.0
39.000000 37.000000 -147.021277 -149.574468 0.000000 40.000000

mayhew north america equal area proxy source 601
10.000000 -175.000000 2.000000 2.000000 400.000000 36 66
1 1 1 1
0.1 1.50 -2.0 2.0 0.080
2 1 2.500000000e-01 -5.381943 34.255319
0 1 1 0.0 0.0
39.000000 37.000000 -144.468085 -147.021277 0.000000 40.000000

mayhew north america equal area proxy source 602
10.000000 -175.000000 2.000000 2.000000 400.000000 36 66
1 1 1 1
0.1 1.50 -2.0 2.0 0.080
2 1 2.500000000e-01 -5.381943 36.808511
0 1 1 0.0 0.0
39.000000 37.000000 -141.914894 -144.468085 0.000000 40.000000

mayhew north america equal area proxy source 603
10.000000 -175.000000 2.000000 2.000000 400.000000 36 66
1 1 1 1
0.1 1.50 -2.0 2.0 0.080
2 1 2.500000000e-01 -5.381943 39.361702
0 1 1 0.0 0.0
39.000000 37.000000 -139.361702 -141.914894 0.000000 40.000000

mayhew north america equal area proxy source 604
10.000000 -175.000000 2.000000 2.000000 400.000000 36 66
1 1 1 1
0.1 1.50 -2.0 2.0 0.080
2 1 2.500000000e-01 -5.381943 41.914894
0 1 1 0.0 0.0
39.000000 37.000000 -136.808511 -139.361702 0.000000 40.000000

mayhew north america equal area proxy source 605
10.000000 -175.000000 2.000000 2.000000 400.000000 36 66
1 1 1 1
0.1 1.50 -2.0 2.0 0.080
2 1 2.500000000e-01 -5.381943 44.468085
0 1 1 0.0 0.0
39.000000 37.000000 -134.255319 -136.808511 0.000000 40.000000

mayhew north america equal area proxy source 606
10.000000 -175.000000 2.000000 2.000000 400.000000 36 66
1 1 1 1
0.1 1.50 -2.0 2.0 0.080
2 1 2.500000000e-01 -5.381943 47.021277
0 1 1 0.0 0.0
39.000000 37.000000 -131.702128 -134.255319 0.000000 40.000000

mayhew north america equal area proxy source 607
10.000000 -175.000000 2.000000 2.000000 400.000000 36 66
1 1 1 1
0.1 1.50 -2.0 2.0 0.080
2 1 2.500000000e-01 -5.381943 49.574468
0 1 1 0.0 0.0
39.000000 37.000000 -129.148936 -131.702128 0.000000 40.000000

mayhew north america equal area proxy source 608
10.000000 -175.000000 2.000000 2.000000 400.000000 36 66
1 1 1 1
0.1 1.50 -2.0 2.0 0.080
2 1 2.500000000e-01 -5.381943 52.127660
0 1 1 0.0 0.0
39.000000 37.000000 -126.595745 -129.148936 0.000000 40.000000

mayhew north america equal area proxy source 609
10.000000 -175.000000 2.000000 2.000000 400.000000 36 66
1 1 1 1
0.1 1.50 -2.0 2.0 0.080
2 1 2.500000000e-01 -5.381943 54.680851
0 1 1 0.0 0.0
39.000000 37.000000 -124.042553 -126.595745 0.000000 40.000000

mayhew north america equal area proxy source 610
10.000000 -175.000000 2.000000 2.000000 400.000000 36 66
1 1 1 1
0.1 1.50 -2.0 2.0 0.080
2 1 2.500000000e-01 -5.381943 57.234043
0 1 1 0.0 0.0
39.000000 37.000000 -121.489362 -124.042553 0.000000 40.000000

mayhew north america equal area proxy source 611
10.000000 -175.000000 2.000000 2.000000 400.000000 36 66
1 1 1 1
0.1 1.50 -2.0 2.0 0.080
2 1 2.500000000e-01 -5.381943 59.787234
0 1 1 0.0 0.0
39.000000 37.000000 -118.936170 -121.489362 0.000000 40.000000

mayhew north america equal area proxy source 612
10.000000 -175.000000 2.000000 2.000000 400.000000 36 66
1 1 1 1
0.1 1.50 -2.0 2.0 0.080
2 1 2.500000000e-01 -5.381943 62.340426
0 1 1 0.0 0.0
39.000000 37.000000 -116.382979 -118.936170 0.000000 40.000000

mayhew north america equal area proxy source 613
10.000000 -175.000000 2.000000 2.000000 400.000000 36 66
1 1 1 1
0.1 1.50 -2.0 2.0 0.080
2 1 2.500000000e-01 -5.381943 64.893617
0 1 1 0.0 0.0
39.000000 37.000000 -113.829787 -116.382979 0.000000 40.000000

mayhew north america equal area proxy source 614
10.000000 -175.000000 2.000000 2.000000 400.000000 36 66
1 1 1 1
0.1 1.50 -2.0 2.0 0.080
2 1 2.500000000e-01 -5.381943 67.446809
0 1 1 0.0 0.0
39.000000 37.000000 -111.276596 -113.829787 0.000000 40.000000

mayhew north america equal area proxy source 615
10.000000 -175.000000 2.000000 2.000000 400.000000 36 66
1 1 1 1
0.1 1.50 -2.0 2.0 0.080
2 1 2.500000000e-01 -5.381943 70.000000
0 1 1 0.0 0.0
39.000000 37.000000 -108.723404 -111.276596 0.000000 40.000000

mayhew north america equal area proxy source 616
10.000000 -175.000000 2.000000 2.000000 400.000000 36 66
1 1 1 1
0.1 1.50 -2.0 2.0 0.080
2 1 2.500000000e-01 -5.381943 72.553191
0 1 1 0.0 0.0
39.000000 37.000000 -106.170213 -108.723404 0.000000 40.000000

mayhew north america equal area proxy source 617
10.000000 -175.000000 2.000000 2.000000 400.000000 36 66
1 1 1 1
0.1 1.50 -2.0 2.0 0.080
2 1 7.500000000e-01 -5.381943 75.106383
0 1 1 0.0 0.0
39.000000 37.000000 -103.617021 -106.170213 0.000000 40.000000

mayhew north america equal area proxy source 618
10.000000 -175.000000 2.000000 2.000000 400.000000 36 66
1 1 1 1
0.1 1.50 -2.0 2.0 0.080
2 1 7.500000000e-01 -5.381943 77.659574
0 1 1 0.0 0.0
39.000000 37.000000 -101.063830 -103.617021 0.000000 40.000000

mayhew north america equal area proxy source 619
10.000000 -175.000000 2.000000 2.000000 400.000000 36 66
1 1 1 1
0.1 1.50 -2.0 2.0 0.080
2 1 7.500000000e-01 -5.381943 80.212766
0 1 1 0.0 0.0
39.000000 37.000000 -98.510638 -101.063830 0.000000 40.000000

mayhew north america equal area proxy source 620
10.000000 -175.000000 2.000000 2.000000 400.000000 36 66
1 1 1 1
0.1 1.50 -2.0 2.0 0.080
2 1 7.500000000e-01 -5.381943 82.765957
0 1 1 0.0 0.0
39.000000 37.000000 -95.957447 -98.510638 0.000000 40.000000

mayhew north america equal area proxy source 621
10.000000 -175.000000 2.000000 2.000000 400.000000 36 66
1 1 1 1
0.1 1.50 -2.0 2.0 0.080
2 1 7.500000000e-01 -5.381943 85.319149
0 1 1 0.0 0.0
39.000000 37.000000 -93.404255 -95.957447 0.000000 40.000000

mayhew north america equal area proxy source 622
10.000000 -175.000000 2.000000 2.000000 400.000000 36 66
1 1 1 1
0.1 1.50 -2.0 2.0 0.080
2 1 7.500000000e-01 -5.381943 87.872340
0 1 1 0.0 0.0
39.000000 37.000000 -90.851064 -93.404255 0.000000 40.000000

mayhew north america equal area proxy source 623
10.000000 -175.000000 2.000000 2.000000 400.000000 36 66
1 1 1 1
0.1 1.50 -2.0 2.0 0.080
2 1 7.500000000e-01 -5.381943 90.425532
0 1 1 0.0 0.0
39.000000 37.000000 -88.297872 -90.851064 0.000000 40.000000

mayhew north america equal area proxy source 624
10.000000 -175.000000 2.000000 2.000000 400.000000 36 66
1 1 1 1
0.1 1.50 -2.0 2.0 0.080
2 1 7.500000000e-01 -5.381943 92.978723
0 1 1 0.0 0.0
39.000000 37.000000 -85.744681 -88.297872 0.000000 40.000000

mayhew north america equal area proxy source 625
10.000000 -175.000000 2.000000 2.000000 400.000000 36 66
1 1 1 1
0.1 1.50 -2.0 2.0 0.080
2 1 1.000000000e+00 -5.381943 95.531915
0 1 1 0.0 0.0
39.000000 37.000000 -83.191489 -85.744681 0.000000 40.000000

mayhew north america equal area proxy source 626
10.000000 -175.000000 2.000000 2.000000 400.000000 36 66
1 1 1 1
0.1 1.50 -2.0 2.0 0.080
2 1 1.000000000e+00 -5.381943 98.085106
0 1 1 0.0 0.0
39.000000 37.000000 -80.638298 -83.191489 0.000000 40.000000

mayhew north america equal area proxy source 627
10.000000 -175.000000 2.000000 2.000000 400.000000 36 66
1 1 1 1
0.1 1.50 -2.0 2.0 0.080
2 1 1.000000000e+00 -5.381943 100.638298
0 1 1 0.0 0.0
39.000000 37.000000 -78.085106 -80.638298 0.000000 40.000000

mayhew north america equal area proxy source 628
10.000000 -175.000000 2.000000 2.000000 400.000000 36 66
1 1 1 1
0.1 1.50 -2.0 2.0 0.080
2 1 1.000000000e+00 -5.381943 103.191489
0 1 1 0.0 0.0
39.000000 37.000000 -75.531915 -78.085106 0.000000 40.000000

mayhew north america equal area proxy source 629
10.000000 -175.000000 2.000000 2.000000 400.000000 36 66
1 1 1 1
0.1 1.50 -2.0 2.0 0.080
2 1 1.000000000e+00 -5.381943 105.744681
0 1 1 0.0 0.0
39.000000 37.000000 -72.978723 -75.531915 0.000000 40.000000

mayhew north america equal area proxy source 630
10.000000 -175.000000 2.000000 2.000000 400.000000 36 66
1 1 1 1
0.1 1.50 -2.0 2.0 0.080
2 1 1.000000000e+00 -5.381943 108.297872
0 1 1 0.0 0.0
39.000000 37.000000 -70.425532 -72.978723 0.000000 40.000000

mayhew north america equal area proxy source 631
10.000000 -175.000000 2.000000 2.000000 400.000000 36 66
1 1 1 1
0.1 1.50 -2.0 2.0 0.080
2 1 1.000000000e+00 -5.381943 110.851064
0 1 1 0.0 0.0
39.000000 37.000000 -67.872340 -70.425532 0.000000 40.000000

mayhew north america equal area proxy source 632
10.000000 -175.000000 2.000000 2.000000 400.000000 36 66
1 1 1 1
0.1 1.50 -2.0 2.0 0.080
2 1 1.000000000e+00 -5.381943 113.404255
0 1 1 0.0 0.0
39.000000 37.000000 -65.319149 -67.872340 0.000000 40.000000

mayhew north america equal area proxy source 633
10.000000 -175.000000 2.000000 2.000000 400.000000 36 66
1 1 1 1
0.1 1.50 -2.0 2.0 0.080
2 1 1.000000000e+00 -5.381943 115.957447
0 1 1 0.0 0.0
39.000000 37.000000 -62.765957 -65.319149 0.000000 40.000000

mayhew north america equal area proxy source 634
10.000000 -175.000000 2.000000 2.000000 400.000000 36 66
1 1 1 1
0.1 1.50 -2.0 2.0 0.080
2 1 1.000000000e+00 -5.381943 118.510638
0 1 1 0.0 0.0
39.000000 37.000000 -60.212766 -62.765957 0.000000 40.000000

mayhew north america equal area proxy source 635
10.000000 -175.000000 2.000000 2.000000 400.000000 36 66
1 1 1 1
0.1 1.50 -2.0 2.0 0.080
2 1 1.000000000e+00 -5.381943 121.063830
0 1 1 0.0 0.0
39.000000 37.000000 -57.659574 -60.212766 0.000000 40.000000

mayhew north america equal area proxy source 636
10.000000 -175.000000 2.000000 2.000000 400.000000 36 66
1 1 1 1
0.1 1.50 -2.0 2.0 0.080
2 1 1.000000000e+00 -5.381943 123.617021
0 1 1 0.0 0.0
39.000000 37.000000 -55.106383 -57.659574 0.000000 40.000000

mayhew north america equal area proxy source 637
10.000000 -175.000000 2.000000 2.000000 400.000000 36 66
1 1 1 1
0.1 1.50 -2.0 2.0 0.080
2 1 1.000000000e+00 -5.381943 126.170213
0 1 1 0.0 0.0
39.000000 37.000000 -52.553191 -55.106383 0.000000 40.000000

mayhew north america equal area proxy source 638
10.000000 -175.000000 2.000000 2.000000 400.000000 36 66
1 1 1 1
0.1 1.50 -2.0 2.0 0.080
2 1 1.000000000e+00 -5.381943 128.723404
0 1 1 0.0 0.0
39.000000 37.000000 -50.000000 -52.553191 0.000000 40.000000

mayhew north america equal area proxy source 639
10.000000 -175.000000 2.000000 2.000000 400.000000 36 66
1 1 1 1
0.1 1.50 -2.0 2.0 0.080
2 1 2.500000000e-01 -9.210267 11.304348
0 1 1 0.0 0.0
41.000000 39.000000 -167.391304 -170.000000 0.000000 40.000000

mayhew north america equal area proxy source 640
10.000000 -175.000000 2.000000 2.000000 400.000000 36 66
1 1 1 1
0.1 1.50 -2.0 2.0 0.080
2 1 2.500000000e-01 -9.210267 13.913043
0 1 1 0.0 0.0
41.000000 39.000000 -164.782609 -167.391304 0.000000 40.000000

mayhew north america equal area proxy source 641
10.000000 -175.000000 2.000000 2.000000 400.000000 36 66
1 1 1 1
0.1 1.50 -2.0 2.0 0.080
2 1 2.500000000e-01 -9.210267 16.521739
0 1 1 0.0 0.0
41.000000 39.000000 -162.173913 -164.782609 0.000000 40.000000

mayhew north america equal area proxy source 642
10.000000 -175.000000 2.000000 2.000000 400.000000 36 66
1 1 1 1
0.1 1.50 -2.0 2.0 0.080
2 1 2.500000000e-01 -9.210267 19.130435
0 1 1 0.0 0.0
41.000000 39.000000 -159.565217 -162.173913 0.000000 40.000000

mayhew north america equal area proxy source 643
10.000000 -175.000000 2.000000 2.000000 400.000000 36 66
1 1 1 1
0.1 1.50 -2.0 2.0 0.080
2 1 2.500000000e-01 -9.210267 21.739130
0 1 1 0.0 0.0
41.000000 39.000000 -156.956522 -159.565217 0.000000 40.000000

mayhew north america equal area proxy source 644
10.000000 -175.000000 2.000000 2.000000 400.000000 36 66
1 1 1 1
0.1 1.50 -2.0 2.0 0.080
2 1 2.500000000e-01 -9.210267 24.347826
0 1 1 0.0 0.0
41.000000 39.000000 -154.347826 -156.956522 0.000000 40.000000

mayhew north america equal area proxy source 645
10.000000 -175.000000 2.000000 2.000000 400.000000 36 66
1 1 1 1
0.1 1.50 -2.0 2.0 0.080
2 1 2.500000000e-01 -9.210267 26.956522
0 1 1 0.0 0.0
41.000000 39.000000 -151.739130 -154.347826 0.000000 40.000000

mayhew north america equal area proxy source 646
10.000000 -175.000000 2.000000 2.000000 400.000000 36 66
1 1 1 1
0.1 1.50 -2.0 2.0 0.080
2 1 2.500000000e-01 -9.210267 29.565217
0 1 1 0.0 0.0
41.000000 39.000000 -149.130435 -151.739130 0.000000 40.000000

mayhew north america equal area proxy source 647
10.000000 -175.000000 2.000000 2.000000 400.000000 36 66
1 1 1 1
0.1 1.50 -2.0 2.0 0.080
2 1 2.500000000e-01 -9.210267 32.173913
0 1 1 0.0 0.0
41.000000 39.000000 -146.521739 -149.130435 0.000000 40.000000

mayhew north america equal area proxy source 648
10.000000 -175.000000 2.000000 2.000000 400.000000 36 66
1 1 1 1
0.1 1.50 -2.0 2.0 0.080
2 1 2.500000000e-01 -9.210267 34.782609
0 1 1 0.0 0.0
41.000000 39.000000 -143.913043 -146.521739 0.000000 40.000000

mayhew north america equal area proxy source 649
10.000000 -175.000000 2.000000 2.000000 400.000000 36 66
1 1 1 1
0.1 1.50 -2.0 2.0 0.080
2 1 2.500000000e-01 -9.210267 37.391304
0 1 1 0.0 0.0
41.000000 39.000000 -141.304348 -143.913043 0.000000 40.000000

mayhew north america equal area proxy source 650
10.000000 -175.000000 2.000000 2.000000 400.000000 36 66
1 1 1 1
0.1 1.50 -2.0 2.0 0.080
2 1 2.500000000e-01 -9.210267 40.000000
0 1 1 0.0 0.0
41.000000 39.000000 -138.695652 -141.304348 0.000000 40.000000

mayhew north america equal area proxy source 651
10.000000 -175.000000 2.000000 2.000000 400.000000 36 66
1 1 1 1
0.1 1.50 -2.0 2.0 0.080
2 1 2.500000000e-01 -9.210267 42.608696
0 1 1 0.0 0.0
41.000000 39.000000 -136.086957 -138.695652 0.000000 40.000000

mayhew north america equal area proxy source 652
10.000000 -175.000000 2.000000 2.000000 400.000000 36 66
1 1 1 1
0.1 1.50 -2.0 2.0 0.080
2 1 2.500000000e-01 -9.210267 45.217391
0 1 1 0.0 0.0
41.000000 39.000000 -133.478261 -136.086957 0.000000 40.000000

mayhew north america equal area proxy source 653
10.000000 -175.000000 2.000000 2.000000 400.000000 36 66
1 1 1 1
0.1 1.50 -2.0 2.0 0.080
2 1 2.500000000e-01 -9.210267 47.826087
0 1 1 0.0 0.0
41.000000 39.000000 -130.869565 -133.478261 0.000000 40.000000

mayhew north america equal area proxy source 654
10.000000 -175.000000 2.000000 2.000000 400.000000 36 66
1 1 1 1
0.1 1.50 -2.0 2.0 0.080
2 1 2.500000000e-01 -9.210267 50.434783
0 1 1 0.0 0.0
41.000000 39.000000 -128.260870 -130.869565 0.000000 40.000000

mayhew north america equal area proxy source 655
10.000000 -175.000000 2.000000 2.000000 400.000000 36 66
1 1 1 1
0.1 1.50 -2.0 2.0 0.080
2 1 2.500000000e-01 -9.210267 53.043478
0 1 1 0.0 0.0
41.000000 39.000000 -125.652174 -128.260870 0.000000 40.000000

mayhew north america equal area proxy source 656
10.000000 -175.000000 2.000000 2.000000 400.000000 36 66
1 1 1 1
0.1 1.50 -2.0 2.0 0.080
2 1 2.500000000e-01 -9.210267 55.652174
0 1 1 0.0 0.0
41.000000 39.000000 -123.043478 -125.652174 0.000000 40.000000

mayhew north america equal area proxy source 657
10.000000 -175.000000 2.000000 2.000000 400.000000 36 66
1 1 1 1
0.1 1.50 -2.0 2.0 0.080
2 1 2.500000000e-01 -9.210267 58.260870
0 1 1 0.0 0.0
41.000000 39.000000 -120.434783 -123.043478 0.000000 40.000000

mayhew north america equal area proxy source 658
10.000000 -175.000000 2.000000 2.000000 400.000000 36 66
1 1 1 1
0.1 1.50 -2.0 2.0 0.080
2 1 2.500000000e-01 -9.210267 60.869565
0 1 1 0.0 0.0
41.000000 39.000000 -117.826087 -120.434783 0.000000 40.000000

mayhew north america equal area proxy source 659
10.000000 -175.000000 2.000000 2.000000 400.000000 36 66
1 1 1 1
0.1 1.50 -2.0 2.0 0.080
2 1 2.500000000e-01 -9.210267 63.478261
0 1 1 0.0 0.0
41.000000 39.000000 -115.217391 -117.826087 0.000000 40.000000

mayhew north america equal area proxy source 660
10.000000 -175.000000 2.000000 2.000000 400.000000 36 66
1 1 1 1
0.1 1.50 -2.0 2.0 0.080
2 1 2.500000000e-01 -9.210267 66.086957
0 1 1 0.0 0.0
41.000000 39.000000 -112.608696 -115.217391 0.000000 40.000000

mayhew north america equal area proxy source 661
10.000000 -175.000000 2.000000 2.000000 400.000000 36 66
1 1 1 1
0.1 1.50 -2.0 2.0 0.080
2 1 2.500000000e-01 -9.210267 68.695652
0 1 1 0.0 0.0
41.000000 39.000000 -110.000000 -112.608696 0.000000 40.000000

mayhew north america equal area proxy source 662
10.000000 -175.000000 2.000000 2.000000 400.000000 36 66
1 1 1 1
0.1 1.50 -2.0 2.0 0.080
2 1 2.500000000e-01 -9.210267 71.304348
0 1 1 0.0 0.0
41.000000 39.000000 -107.391304 -110.000000 0.000000 40.000000

mayhew north america equal area proxy source 663
10.000000 -175.000000 2.000000 2.000000 400.000000 36 66
1 1 1 1
0.1 1.50 -2.0 2.0 0.080
2 1 2.500000000e-01 -9.210267 73.913043
0 1 1 0.0 0.0
41.000000 39.000000 -104.782609 -107.391304 0.000000 40.000000

mayhew north america equal area proxy source 664
10.000000 -175.000000 2.000000 2.000000 400.000000 36 66
1 1 1 1
0.1 1.50 -2.0 2.0 0.080
2 1 7.500000000e-01 -9.210267 76.521739
0 1 1 0.0 0.0
41.000000 39.000000 -102.173913 -104.782609 0.000000 40.000000

mayhew north america equal area proxy source 665
10.000000 -175.000000 2.000000 2.000000 400.000000 36 66
1 1 1 1
0.1 1.50 -2.0 2.0 0.080
2 1 7.500000000e-01 -9.210267 79.130435
0 1 1 0.0 0.0
41.000000 39.000000 -99.565217 -102.173913 0.000000 40.000000

mayhew north america equal area proxy source 666
10.000000 -175.000000 2.000000 2.000000 400.000000 36 66
1 1 1 1
0.1 1.50 -2.0 2.0 0.080
2 1 7.500000000e-01 -9.210267 81.739130
0 1 1 0.0 0.0
41.000000 39.000000 -96.956522 -99.565217 0.000000 40.000000

mayhew north america equal area proxy source 667
10.000000 -175.000000 2.000000 2.000000 400.000000 36 66
1 1 1 1
0.1 1.50 -2.0 2.0 0.080
2 1 7.500000000e-01 -9.210267 84.347826
0 1 1 0.0 0.0
41.000000 39.000000 -94.347826 -96.956522 0.000000 40.000000

mayhew north america equal area proxy source 668
10.000000 -175.000000 2.000000 2.000000 400.000000 36 66
1 1 1 1
0.1 1.50 -2.0 2.0 0.080
2 1 7.500000000e-01 -9.210267 86.956522
0 1 1 0.0 0.0
41.000000 39.000000 -91.739130 -94.347826 0.000000 40.000000

mayhew north america equal area proxy source 669
10.000000 -175.000000 2.000000 2.000000 400.000000 36 66
1 1 1 1
0.1 1.50 -2.0 2.0 0.080
2 1 7.500000000e-01 -9.210267 89.565217
0 1 1 0.0 0.0
41.000000 39.000000 -89.130435 -91.739130 0.000000 40.000000

mayhew north america equal area proxy source 670
10.000000 -175.000000 2.000000 2.000000 400.000000 36 66
1 1 1 1
0.1 1.50 -2.0 2.0 0.080
2 1 7.500000000e-01 -9.210267 92.173913
0 1 1 0.0 0.0
41.000000 39.000000 -86.521739 -89.130435 0.000000 40.000000

mayhew north america equal area proxy source 671
10.000000 -175.000000 2.000000 2.000000 400.000000 36 66
1 1 1 1
0.1 1.50 -2.0 2.0 0.080
2 1 7.500000000e-01 -9.210267 94.782609
0 1 1 0.0 0.0
41.000000 39.000000 -83.913043 -86.521739 0.000000 40.000000

mayhew north america equal area proxy source 672
10.000000 -175.000000 2.000000 2.000000 400.000000 36 66
1 1 1 1
0.1 1.50 -2.0 2.0 0.080
2 1 1.000000000e+00 -9.210267 97.391304
0 1 1 0.0 0.0
41.000000 39.000000 -81.304348 -83.913043 0.000000 40.000000

mayhew north america equal area proxy source 673
10.000000 -175.000000 2.000000 2.000000 400.000000 36 66
1 1 1 1
0.1 1.50 -2.0 2.0 0.080
2 1 1.000000000e+00 -9.210267 100.000000
0 1 1 0.0 0.0
41.000000 39.000000 -78.695652 -81.304348 0.000000 40.000000

mayhew north america equal area proxy source 674
10.000000 -175.000000 2.000000 2.000000 400.000000 36 66
1 1 1 1
0.1 1.50 -2.0 2.0 0.080
2 1 1.000000000e+00 -9.210267 102.608696
0 1 1 0.0 0.0
41.000000 39.000000 -76.086957 -78.695652 0.000000 40.000000

mayhew north america equal area proxy source 675
10.000000 -175.000000 2.000000 2.000000 400.000000 36 66
1 1 1 1
0.1 1.50 -2.0 2.0 0.080
2 1 1.000000000e+00 -9.210267 105.217391
0 1 1 0.0 0.0
41.000000 39.000000 -73.478261 -76.086957 0.000000 40.000000

mayhew north america equal area proxy source 676
10.000000 -175.000000 2.000000 2.000000 400.000000 36 66
1 1 1 1
0.1 1.50 -2.0 2.0 0.080
2 1 1.000000000e+00 -9.210267 107.826087
0 1 1 0.0 0.0
41.000000 39.000000 -70.869565 -73.478261 0.000000 40.000000

mayhew north america equal area proxy source 677
10.000000 -175.000000 2.000000 2.000000 400.000000 36 66
1 1 1 1
0.1 1.50 -2.0 2.0 0.080
2 1 1.000000000e+00 -9.210267 110.434783
0 1 1 0.0 0.0
41.000000 39.000000 -68.260870 -70.869565 0.000000 40.000000

mayhew north america equal area proxy source 678
10.000000 -175.000000 2.000000 2.000000 400.000000 36 66
1 1 1 1
0.1 1.50 -2.0 2.0 0.080
2 1 1.000000000e+00 -9.210267 113.043478
0 1 1 0.0 0.0
41.000000 39.000000 -65.652174 -68.260870 0.000000 40.000000

mayhew north america equal area proxy source 679
10.000000 -175.000000 2.000000 2.000000 400.000000 36 66
1 1 1 1
0.1 1.50 -2.0 2.0 0.080
2 1 1.000000000e+00 -9.210267 115.652174
0 1 1 0.0 0.0
41.000000 39.000000 -63.043478 -65.652174 0.000000 40.000000

mayhew north america equal area proxy source 680
10.000000 -175.000000 2.000000 2.000000 400.000000 36 66
1 1 1 1
0.1 1.50 -2.0 2.0 0.080
2 1 1.000000000e+00 -9.210267 118.260870
0 1 1 0.0 0.0
41.000000 39.000000 -60.434783 -63.043478 0.000000 40.000000

mayhew north america equal area proxy source 681
10.000000 -175.000000 2.000000 2.000000 400.000000 36 66
1 1 1 1
0.1 1.50 -2.0 2.0 0.080
2 1 1.000000000e+00 -9.210267 120.869565
0 1 1 0.0 0.0
41.000000 39.000000 -57.826087 -60.434783 0.000000 40.000000

mayhew north america equal area proxy source 682
10.000000 -175.000000 2.000000 2.000000 400.000000 36 66
1 1 1 1
0.1 1.50 -2.0 2.0 0.080
2 1 1.000000000e+00 -9.210267 123.478261
0 1 1 0.0 0.0
41.000000 39.000000 -55.217391 -57.826087 0.000000 40.000000

mayhew north america equal area proxy source 683
10.000000 -175.000000 2.000000 2.000000 400.000000 36 66
1 1 1 1
0.1 1.50 -2.0 2.0 0.080
2 1 1.000000000e+00 -9.210267 126.086957
0 1 1 0.0 0.0
41.000000 39.000000 -52.608696 -55.217391 0.000000 40.000000

mayhew north america equal area proxy source 684
10.000000 -175.000000 2.000000 2.000000 400.000000 36 66
1 1 1 1
0.1 1.50 -2.0 2.0 0.080
2 1 1.000000000e+00 -9.210267 128.695652
0 1 1 0.0 0.0
41.000000 39.000000 -50.000000 -52.608696 0.000000 40.000000

mayhew north america equal area proxy source 685
10.000000 -175.000000 2.000000 2.000000 400.000000 36 66
1 1 1 1
0.1 1.50 -2.0 2.0 0.080
2 1 2.500000000e-01 -12.956312 11.333333
0 1 1 0.0 0.0
43.000000 41.000000 -167.333333 -170.000000 0.000000 40.000000

mayhew north america equal area proxy source 686
10.000000 -175.000000 2.000000 2.000000 400.000000 36 66
1 1 1 1
0.1 1.50 -2.0 2.0 0.080
2 1 2.500000000e-01 -12.956312 14.000000
0 1 1 0.0 0.0
43.000000 41.000000 -164.666667 -167.333333 0.000000 40.000000

mayhew north america equal area proxy source 687
10.000000 -175.000000 2.000000 2.000000 400.000000 36 66
1 1 1 1
0.1 1.50 -2.0 2.0 0.080
2 1 2.500000000e-01 -12.956312 16.666667
0 1 1 0.0 0.0
43.000000 41.000000 -162.000000 -164.666667 0.000000 40.000000

mayhew north america equal area proxy source 688
10.000000 -175.000000 2.000000 2.000000 400.000000 36 66
1 1 1 1
0.1 1.50 -2.0 2.0 0.080
2 1 2.500000000e-01 -12.956312 19.333333
0 1 1 0.0 0.0
43.000000 41.000000 -159.333333 -162.000000 0.000000 40.000000

mayhew north america equal area proxy source 689
10.000000 -175.000000 2.000000 2.000000 400.000000 36 66
1 1 1 1
0.1 1.50 -2.0 2.0 0.080
2 1 2.500000000e-01 -12.956312 22.000000
0 1 1 0.0 0.0
43.000000 41.000000 -156.666667 -159.333333 0.000000 40.000000

mayhew north america equal area proxy source 690
10.000000 -175.000000 2.000000 2.000000 400.000000 36 66
1 1 1 1
0.1 1.50 -2.0 2.0 0.080
2 1 2.500000000e-01 -12.956312 24.666667
0 1 1 0.0 0.0
43.000000 41.000000 -154.000000 -156.666667 0.000000 40.000000

mayhew north america equal area proxy source 691
10.000000 -175.000000 2.000000 2.000000 400.000000 36 66
1 1 1 1
0.1 1.50 -2.0 2.0 0.080
2 1 2.500000000e-01 -12.956312 27.333333
0 1 1 0.0 0.0
43.000000 41.000000 -151.333333 -154.000000 0.000000 40.000000

mayhew north america equal area proxy source 692
10.000000 -175.000000 2.000000 2.000000 400.000000 36 66
1 1 1 1
0.1 1.50 -2.0 2.0 0.080
2 1 2.500000000e-01 -12.956312 30.000000
0 1 1 0.0 0.0
43.000000 41.000000 -148.666667 -151.333333 0.000000 40.000000

mayhew north america equal area proxy source 693
10.000000 -175.000000 2.000000 2.000000 400.000000 36 66
1 1 1 1
0.1 1.50 -2.0 2.0 0.080
2 1 2.500000000e-01 -12.956312 32.666667
0 1 1 0.0 0.0
43.000000 41.000000 -146.000000 -148.666667 0.000000 40.000000

mayhew north america equal area proxy source 694
10.000000 -175.000000 2.000000 2.000000 400.000000 36 66
1 1 1 1
0.1 1.50 -2.0 2.0 0.080
2 1 2.500000000e-01 -12.956312 35.333333
0 1 1 0.0 0.0
43.000000 41.000000 -143.333333 -146.000000 0.000000 40.000000

mayhew north america equal area proxy source 695
10.000000 -175.000000 2.000000 2.000000 400.000000 36 66
1 1 1 1
0.1 1.50 -2.0 2.0 0.080
2 1 2.500000000e-01 -12.956312 38.000000
0 1 1 0.0 0.0
43.000000 41.000000 -140.666667 -143.333333 0.000000 40.000000

mayhew north america equal area proxy source 696
10.000000 -175.000000 2.000000 2.000000 400.000000 36 66
1 1 1 1
0.1 1.50 -2.0 2.0 0.080
2 1 2.500000000e-01 -12.956312 40.666667
0 1 1 0.0 0.0
43.000000 41.000000 -138.000000 -140.666667 0.000000 40.000000

mayhew north america equal area proxy source 697
10.000000 -175.000000 2.000000 2.000000 400.000000 36 66
1 1 1 1
0.1 1.50 -2.0 2.0 0.080
2 1 2.500000000e-01 -12.956312 43.333333
0 1 1 0.0 0.0
43.000000 41.000000 -135.333333 -138.000000 0.000000 40.000000

mayhew north america equal area proxy source 698
10.000000 -175.000000 2.000000 2.000000 400.000000 36 66
1 1 1 1
0.1 1.50 -2.0 2.0 0.080
2 1 2.500000000e-01 -12.956312 46.000000
0 1 1 0.0 0.0
43.000000 41.000000 -132.666667 -135.333333 0.000000 40.000000

mayhew north america equal area proxy source 699
10.000000 -175.000000 2.000000 2.000000 400.000000 36 66
1 1 1 1
0.1 1.50 -2.0 2.0 0.080
2 1 2.500000000e-01 -12.956312 48.666667
0 1 1 0.0 0.0
43.000000 41.000000 -130.000000 -132.666667 0.000000 40.000000

mayhew north america equal area proxy source 700
10.000000 -175.000000 2.000000 2.000000 400.000000 36 66
1 1 1 1
0.1 1.50 -2.0 2.0 0.080
2 1 2.500000000e-01 -12.956312 51.333333
0 1 1 0.0 0.0
43.000000 41.000000 -127.333333 -130.000000 0.000000 40.000000

mayhew north america equal area proxy source 701
10.000000 -175.000000 2.000000 2.000000 400.000000 36 66
1 1 1 1
0.1 1.50 -2.0 2.0 0.080
2 1 2.500000000e-01 -12.956312 54.000000
0 1 1 0.0 0.0
43.000000 41.000000 -124.666667 -127.333333 0.000000 40.000000

mayhew north america equal area proxy source 702
10.000000 -175.000000 2.000000 2.000000 400.000000 36 66
1 1 1 1
0.1 1.50 -2.0 2.0 0.080
2 1 2.500000000e-01 -12.956312 56.666667
0 1 1 0.0 0.0
43.000000 41.000000 -122.000000 -124.666667 0.000000 40.000000

mayhew north america equal area proxy source 703
10.000000 -175.000000 2.000000 2.000000 400.000000 36 66
1 1 1 1
0.1 1.50 -2.0 2.0 0.080
2 1 2.500000000e-01 -12.956312 59.333333
0 1 1 0.0 0.0
43.000000 41.000000 -119.333333 -122.000000 0.000000 40.000000

mayhew north america equal area proxy source 704
10.000000 -175.000000 2.000000 2.000000 400.000000 36 66
1 1 1 1
0.1 1.50 -2.0 2.0 0.080
2 1 2.500000000e-01 -12.956312 62.000000
0 1 1 0.0 0.0
43.000000 41.000000 -116.666667 -119.333333 0.000000 40.000000

mayhew north america equal area proxy source 705
10.000000 -175.000000 2.000000 2.000000 400.000000 36 66
1 1 1 1
0.1 1.50 -2.0 2.0 0.080
2 1 2.500000000e-01 -12.956312 64.666667
0 1 1 0.0 0.0
43.000000 41.000000 -114.000000 -116.666667 0.000000 40.000000

mayhew north america equal area proxy source 706
10.000000 -175.000000 2.000000 2.000000 400.000000 36 66
1 1 1 1
0.1 1.50 -2.0 2.0 0.080
2 1 2.500000000e-01 -12.956312 67.333333
0 1 1 0.0 0.0
43.000000 41.000000 -111.333333 -114.000000 0.000000 40.000000

mayhew north america equal area proxy source 707
10.000000 -175.000000 2.000000 2.000000 400.000000 36 66
1 1 1 1
0.1 1.50 -2.0 2.0 0.080
2 1 2.500000000e-01 -12.956312 70.000000
0 1 1 0.0 0.0
43.000000 41.000000 -108.666667 -111.333333 0.000000 40.000000

mayhew north america equal area proxy source 708
10.000000 -175.000000 2.000000 2.000000 400.000000 36 66
1 1 1 1
0.1 1.50 -2.0 2.0 0.080
2 1 2.500000000e-01 -12.956312 72.666667
0 1 1 0.0 0.0
43.000000 41.000000 -106.000000 -108.666667 0.000000 40.000000

mayhew north america equal area proxy source 709
10.000000 -175.000000 2.000000 2.000000 400.000000 36 66
1 1 1 1
0.1 1.50 -2.0 2.0 0.080
2 1 7.500000000e-01 -12.956312 75.333333
0 1 1 0.0 0.0
43.000000 41.000000 -103.333333 -106.000000 0.000000 40.000000

mayhew north america equal area proxy source 710
10.000000 -175.000000 2.000000 2.000000 400.000000 36 66
1 1 1 1
0.1 1.50 -2.0 2.0 0.080
2 1 7.500000000e-01 -12.956312 78.000000
0 1 1 0.0 0.0
43.000000 41.000000 -100.666667 -103.333333 0.000000 40.000000

mayhew north america equal area proxy source 711
10.000000 -175.000000 2.000000 2.000000 400.000000 36 66
1 1 1 1
0.1 1.50 -2.0 2.0 0.080
2 1 7.500000000e-01 -12.956312 80.666667
0 1 1 0.0 0.0
43.000000 41.000000 -98.000000 -100.666667 0.000000 40.000000

mayhew north america equal area proxy source 712
10.000000 -175.000000 2.000000 2.000000 400.000000 36 66
1 1 1 1
0.1 1.50 -2.0 2.0 0.080
2 1 7.500000000e-01 -12.956312 83.333333
0 1 1 0.0 0.0
43.000000 41.000000 -95.333333 -98.000000 0.000000 40.000000

mayhew north america equal area proxy source 713
10.000000 -175.000000 2.000000 2.000000 400.000000 36 66
1 1 1 1
0.1 1.50 -2.0 2.0 0.080
2 1 7.500000000e-01 -12.956312 86.000000
0 1 1 0.0 0.0
43.000000 41.000000 -92.666667 -95.333333 0.000000 40.000000

mayhew north america equal area proxy source 714
10.000000 -175.000000 2.000000 2.000000 400.000000 36 66
1 1 1 1
0.1 1.50 -2.0 2.0 0.080
2 1 7.500000000e-01 -12.956312 88.666667
0 1 1 0.0 0.0
43.000000 41.000000 -90.000000 -92.666667 0.000000 40.000000

mayhew north america equal area proxy source 715
10.000000 -175.000000 2.000000 2.000000 400.000000 36 66
1 1 1 1
0.1 1.50 -2.0 2.0 0.080
2 1 7.500000000e-01 -12.956312 91.333333
0 1 1 0.0 0.0
43.000000 41.000000 -87.333333 -90.000000 0.000000 40.000000

mayhew north america equal area proxy source 716
10.000000 -175.000000 2.000000 2.000000 400.000000 36 66
1 1 1 1
0.1 1.50 -2.0 2.0 0.080
2 1 7.500000000e-01 -12.956312 94.000000
0 1 1 0.0 0.0
43.000000 41.000000 -84.666667 -87.333333 0.000000 40.000000

mayhew north america equal area proxy source 717
10.000000 -175.000000 2.000000 2.000000 400.000000 36 66
1 1 1 1
0.1 1.50 -2.0 2.0 0.080
2 1 1.000000000e+00 -12.956312 96.666667
0 1 1 0.0 0.0
43.000000 41.000000 -82.000000 -84.666667 0.000000 40.000000

mayhew north america equal area proxy source 718
10.000000 -175.000000 2.000000 2.000000 400.000000 36 66
1 1 1 1
0.1 1.50 -2.0 2.0 0.080
2 1 1.000000000e+00 -12.956312 99.333333
0 1 1 0.0 0.0
43.000000 41.000000 -79.333333 -82.000000 0.000000 40.000000

mayhew north america equal area proxy source 719
10.000000 -175.000000 2.000000 2.000000 400.000000 36 66
1 1 1 1
0.1 1.50 -2.0 2.0 0.080
2 1 1.000000000e+00 -12.956312 102.000000
0 1 1 0.0 0.0
43.000000 41.000000 -76.666667 -79.333333 0.000000 40.000000

mayhew north america equal area proxy source 720
10.000000 -175.000000 2.000000 2.000000 400.000000 36 66
1 1 1 1
0.1 1.50 -2.0 2.0 0.080
2 1 1.000000000e+00 -12.956312 104.666667
0 1 1 0.0 0.0
43.000000 41.000000 -74.000000 -76.666667 0.000000 40.000000

mayhew north america equal area proxy source 721
10.000000 -175.000000 2.000000 2.000000 400.000000 36 66
1 1 1 1
0.1 1.50 -2.0 2.0 0.080
2 1 1.000000000e+00 -12.956312 107.333333
0 1 1 0.0 0.0
43.000000 41.000000 -71.333333 -74.000000 0.000000 40.000000

mayhew north america equal area proxy source 722
10.000000 -175.000000 2.000000 2.000000 400.000000 36 66
1 1 1 1
0.1 1.50 -2.0 2.0 0.080
2 1 1.000000000e+00 -12.956312 110.000000
0 1 1 0.0 0.0
43.000000 41.000000 -68.666667 -71.333333 0.000000 40.000000

mayhew north america equal area proxy source 723
10.000000 -175.000000 2.000000 2.000000 400.000000 36 66
1 1 1 1
0.1 1.50 -2.0 2.0 0.080
2 1 1.000000000e+00 -12.956312 112.666667
0 1 1 0.0 0.0
43.000000 41.000000 -66.000000 -68.666667 0.000000 40.000000

mayhew north america equal area proxy source 724
10.000000 -175.000000 2.000000 2.000000 400.000000 36 66
1 1 1 1
0.1 1.50 -2.0 2.0 0.080
2 1 1.000000000e+00 -12.956312 115.333333
0 1 1 0.0 0.0
43.000000 41.000000 -63.333333 -66.000000 0.000000 40.000000

mayhew north america equal area proxy source 725
10.000000 -175.000000 2.000000 2.000000 400.000000 36 66
1 1 1 1
0.1 1.50 -2.0 2.0 0.080
2 1 1.000000000e+00 -12.956312 118.000000
0 1 1 0.0 0.0
43.000000 41.000000 -60.666667 -63.333333 0.000000 40.000000

mayhew north america equal area proxy source 726
10.000000 -175.000000 2.000000 2.000000 400.000000 36 66
1 1 1 1
0.1 1.50 -2.0 2.0 0.080
2 1 1.000000000e+00 -12.956312 120.666667
0 1 1 0.0 0.0
43.000000 41.000000 -58.000000 -60.666667 0.000000 40.000000

mayhew north america equal area proxy source 727
10.000000 -175.000000 2.000000 2.000000 400.000000 36 66
1 1 1 1
0.1 1.50 -2.0 2.0 0.080
2 1 1.000000000e+00 -12.956312 123.333333
0 1 1 0.0 0.0
43.000000 41.000000 -55.333333 -58.000000 0.000000 40.000000

mayhew north america equal area proxy source 728
10.000000 -175.000000 2.000000 2.000000 400.000000 36 66
1 1 1 1
0.1 1.50 -2.0 2.0 0.080
2 1 1.000000000e+00 -12.956312 126.000000
0 1 1 0.0 0.0
43.000000 41.000000 -52.666667 -55.333333 0.000000 40.000000

mayhew north america equal area proxy source 729
10.000000 -175.000000 2.000000 2.000000 400.000000 36 66
1 1 1 1
0.1 1.50 -2.0 2.0 0.080
2 1 1.000000000e+00 -12.956312 128.666667
0 1 1 0.0 0.0
43.000000 41.000000 -50.000000 -52.666667 0.000000 40.000000

mayhew north america equal area proxy source 730
10.000000 -175.000000 2.000000 2.000000 400.000000 36 66
1 1 1 1
0.1 1.50 -2.0 2.0 0.080
2 1 2.500000000e-01 -16.626453 11.395349
0 1 1 0.0 0.0
45.000000 43.000000 -167.209302 -170.000000 0.000000 40.000000

mayhew north america equal area proxy source 731
10.000000 -175.000000 2.000000 2.000000 400.000000 36 66
1 1 1 1
0.1 1.50 -2.0 2.0 0.080
2 1 2.500000000e-01 -16.626453 14.186047
0 1 1 0.0 0.0
45.000000 43.000000 -164.418605 -167.209302 0.000000 40.000000

mayhew north america equal area proxy source 732
10.000000 -175.000000 2.000000 2.000000 400.000000 36 66
1 1 1 1
0.1 1.50 -2.0 2.0 0.080
2 1 2.500000000e-01 -16.626453 16.976744
0 1 1 0.0 0.0
45.000000 43.000000 -161.627907 -164.418605 0.000000 40.000000

mayhew north america equal area proxy source 733
10.000000 -175.000000 2.000000 2.000000 400.000000 36 66
1 1 1 1
0.1 1.50 -2.0 2.0 0.080
2 1 2.500000000e-01 -16.626453 19.767442
0 1 1 0.0 0.0
45.000000 43.000000 -158.837209 -161.627907 0.000000 40.000000

mayhew north america equal area proxy source 734
10.000000 -175.000000 2.000000 2.000000 400.000000 36 66
1 1 1 1
0.1 1.50 -2.0 2.0 0.080
2 1 2.500000000e-01 -16.626453 22.558140
0 1 1 0.0 0.0
45.000000 43.000000 -156.046512 -158.837209 0.000000 40.000000

mayhew north america equal area proxy source 735
10.000000 -175.000000 2.000000 2.000000 400.000000 36 66
1 1 1 1
0.1 1.50 -2.0 2.0 0.080
2 1 2.500000000e-01 -16.626453 25.348837
0 1 1 0.0 0.0
45.000000 43.000000 -153.255814 -156.046512 0.000000 40.000000

mayhew north america equal area proxy source 736
10.000000 -175.000000 2.000000 2.000000 400.000000 36 66
1 1 1 1
0.1 1.50 -2.0 2.0 0.080
2 1 2.500000000e-01 -16.626453 28.139535
0 1 1 0.0 0.0
45.000000 43.000000 -150.465116 -153.255814 0.000000 40.000000

mayhew north america equal area proxy source 737
10.000000 -175.000000 2.000000 2.000000 400.000000 36 66
1 1 1 1
0.1 1.50 -2.0 2.0 0.080
2 1 2.500000000e-01 -16.626453 30.930233
0 1 1 0.0 0.0
45.000000 43.000000 -147.674419 -150.465116 0.000000 40.000000

mayhew north america equal area proxy source 738
10.000000 -175.000000 2.000000 2.000000 400.000000 36 66
1 1 1 1
0.1 1.50 -2.0 2.0 0.080
2 1 2.500000000e-01 -16.626453 33.720930
0 1 1 0.0 0.0
45.000000 43.000000 -144.883721 -147.674419 0.000000 40.000000

mayhew north america equal area proxy source 739
10.000000 -175.000000 2.000000 2.000000 400.000000 36 66
1 1 1 1
0.1 1.50 -2.0 2.0 0.080
2 1 2.500000000e-01 -16.626453 36.511628
0 1 1 0.0 0.0
45.000000 43.000000 -142.093023 -144.883721 0.000000 40.000000

mayhew north america equal area proxy source 740
10.000000 -175.000000 2.000000 2.000000 400.000000 36 66
1 1 1 1
0.1 1.50 -2.0 2.0 0.080
2 1 2.500000000e-01 -16.626453 39.302326
0 1 1 0.0 0.0
45.000000 43.000000 -139.302326 -142.093023 0.000000 40.000000

mayhew north america equal area proxy source 741
10.000000 -175.000000 2.000000 2.000000 400.000000 36 66
1 1 1 1
0.1 1.50 -2.0 2.0 0.080
2 1 2.500000000e-01 -16.626453 42.093023
0 1 1 0.0 0.0
45.000000 43.000000 -136.511628 -139.302326 0.000000 40.000000

mayhew north america equal area proxy source 742
10.000000 -175.000000 2.000000 2.000000 400.000000 36 66
1 1 1 1
0.1 1.50 -2.0 2.0 0.080
2 1 2.500000000e-01 -16.626453 44.883721
0 1 1 0.0 0.0
45.000000 43.000000 -133.720930 -136.511628 0.000000 40.000000

mayhew north america equal area proxy source 743
10.000000 -175.000000 2.000000 2.000000 400.000000 36 66
1 1 1 1
0.1 1.50 -2.0 2.0 0.080
2 1 2.500000000e-01 -16.626453 47.674419
0 1 1 0.0 0.0
45.000000 43.000000 -130.930233 -133.720930 0.000000 40.000000

mayhew north america equal area proxy source 744
10.000000 -175.000000 2.000000 2.000000 400.000000 36 66
1 1 1 1
0.1 1.50 -2.0 2.0 0.080
2 1 2.500000000e-01 -16.626453 50.465116
0 1 1 0.0 0.0
45.000000 43.000000 -128.139535 -130.930233 0.000000 40.000000

mayhew north america equal area proxy source 745
10.000000 -175.000000 2.000000 2.000000 400.000000 36 66
1 1 1 1
0.1 1.50 -2.0 2.0 0.080
2 1 2.500000000e-01 -16.626453 53.255814
0 1 1 0.0 0.0
45.000000 43.000000 -125.348837 -128.139535 0.000000 40.000000

mayhew north america equal area proxy source 746
10.000000 -175.000000 2.000000 2.000000 400.000000 36 66
1 1 1 1
0.1 1.50 -2.0 2.0 0.080
2 1 2.500000000e-01 -16.626453 56.046512
0 1 1 0.0 0.0
45.000000 43.000000 -122.558140 -125.348837 0.000000 40.000000

mayhew north america equal area proxy source 747
10.000000 -175.000000 2.000000 2.000000 400.000000 36 66
1 1 1 1
0.1 1.50 -2.0 2.0 0.080
2 1 2.500000000e-01 -16.626453 58.837209
0 1 1 0.0 0.0
45.000000 43.000000 -119.767442 -122.558140 0.000000 40.000000

mayhew north america equal area proxy source 748
10.000000 -175.000000 2.000000 2.000000 400.000000 36 66
1 1 1 1
0.1 1.50 -2.0 2.0 0.080
2 1 2.500000000e-01 -16.626453 61.627907
0 1 1 0.0 0.0
45.000000 43.000000 -116.976744 -119.767442 0.000000 40.000000

mayhew north america equal area proxy source 749
10.000000 -175.000000 2.000000 2.000000 400.000000 36 66
1 1 1 1
0.1 1.50 -2.0 2.0 0.080
2 1 2.500000000e-01 -16.626453 64.418605
0 1 1 0.0 0.0
45.000000 43.000000 -114.186047 -116.976744 0.000000 40.000000

mayhew north america equal area proxy source 750
10.000000 -175.000000 2.000000 2.000000 400.000000 36 66
1 1 1 1
0.1 1.50 -2.0 2.0 0.080
2 1 2.500000000e-01 -16.626453 67.209302
0 1 1 0.0 0.0
45.000000 43.000000 -111.395349 -114.186047 0.000000 40.000000

mayhew north america equal area proxy source 751
10.000000 -175.000000 2.000000 2.000000 400.000000 36 66
1 1 1 1
0.1 1.50 -2.0 2.0 0.080
2 1 2.500000000e-01 -16.626453 70.000000
0 1 1 0.0 0.0
45.000000 43.000000 -108.604651 -111.395349 0.000000 40.000000

mayhew north america equal area proxy source 752
10.000000 -175.000000 2.000000 2.000000 400.000000 36 66
1 1 1 1
0.1 1.50 -2.0 2.0 0.080
2 1 2.500000000e-01 -16.626453 72.790698
0 1 1 0.0 0.0
45.000000 43.000000 -105.813953 -108.604651 0.000000 40.000000

mayhew north america equal area proxy source 753
10.000000 -175.000000 2.000000 2.000000 400.000000 36 66
1 1 1 1
0.1 1.50 -2.0 2.0 0.080
2 1 7.500000000e-01 -16.626453 75.581395
0 1 1 0.0 0.0
45.000000 43.000000 -103.023256 -105.813953 0.000000 40.000000

mayhew north america equal area proxy source 754
10.000000 -175.000000 2.000000 2.000000 400.000000 36 66
1 1 1 1
0.1 1.50 -2.0 2.0 0.080
2 1 7.500000000e-01 -16.626453 78.372093
0 1 1 0.0 0.0
45.000000 43.000000 -100.232558 -103.023256 0.000000 40.000000

mayhew north america equal area proxy source 755
10.000000 -175.000000 2.000000 2.000000 400.000000 36 66
1 1 1 1
0.1 1.50 -2.0 2.0 0.080
2 1 7.500000000e-01 -16.626453 81.162791
0 1 1 0.0 0.0
45.000000 43.000000 -97.441860 -100.232558 0.000000 40.000000

mayhew north america equal area proxy source 756
10.000000 -175.000000 2.000000 2.000000 400.000000 36 66
1 1 1 1
0.1 1.50 -2.0 2.0 0.080
2 1 7.500000000e-01 -16.626453 83.953488
0 1 1 0.0 0.0
45.000000 43.000000 -94.651163 -97.441860 0.000000 40.000000

mayhew north america equal area proxy source 757
10.000000 -175.000000 2.000000 2.000000 400.000000 36 66
1 1 1 1
0.1 1.50 -2.0 2.0 0.080
2 1 7.500000000e-01 -16.626453 86.744186
0 1 1 0.0 0.0
45.000000 43.000000 -91.860465 -94.651163 0.000000 40.000000

mayhew north america equal area proxy source 758
10.000000 -175.000000 2.000000 2.000000 400.000000 36 66
1 1 1 1
0.1 1.50 -2.0 2.0 0.080
2 1 7.500000000e-01 -16.626453 89.534884
0 1 1 0.0 0.0
45.000000 43.000000 -89.069767 -91.860465 0.000000 40.000000

mayhew north america equal area proxy source 759
10.000000 -175.000000 2.000000 2.000000 400.000000 36 66
1 1 1 1
0.1 1.50 -2.0 2.0 0.080
2 1 7.500000000e-01 -16.626453 92.325581
0 1 1 0.0 0.0
45.000000 43.000000 -86.279070 -89.069767 0.000000 40.000000

mayhew north america equal area proxy source 760
10.000000 -175.000000 2.000000 2.000000 400.000000 36 66
1 1 1 1
0.1 1.50 -2.0 2.0 0.080
2 1 1.000000000e+00 -16.626453 95.116279
0 1 1 0.0 0.0
45.000000 43.000000 -83.488372 -86.279070 0.000000 40.000000

mayhew north america equal area proxy source 761
10.000000 -175.000000 2.000000 2.000000 400.000000 36 66
1 1 1 1
0.1 1.50 -2.0 2.0 0.080
2 1 1.000000000e+00 -16.626453 97.906977
0 1 1 0.0 0.0
45.000000 43.000000 -80.697674 -83.488372 0.000000 40.000000

mayhew north america equal area proxy source 762
10.000000 -175.000000 2.000000 2.000000 400.000000 36 66
1 1 1 1
0.1 1.50 -2.0 2.0 0.080
2 1 1.000000000e+00 -16.626453 100.697674
0 1 1 0.0 0.0
45.000000 43.000000 -77.906977 -80.697674 0.000000 40.000000

mayhew north america equal area proxy source 763
10.000000 -175.000000 2.000000 2.000000 400.000000 36 66
1 1 1 1
0.1 1.50 -2.0 2.0 0.080
2 1 1.000000000e+00 -16.626453 103.488372
0 1 1 0.0 0.0
45.000000 43.000000 -75.116279 -77.906977 0.000000 40.000000

mayhew north america equal area proxy source 764
10.000000 -175.000000 2.000000 2.000000 400.000000 36 66
1 1 1 1
0.1 1.50 -2.0 2.0 0.080
2 1 1.000000000e+00 -16.626453 106.279070
0 1 1 0.0 0.0
45.000000 43.000000 -72.325581 -75.116279 0.000000 40.000000

mayhew north america equal area proxy source 765
10.000000 -175.000000 2.000000 2.000000 400.000000 36 66
1 1 1 1
0.1 1.50 -2.0 2.0 0.080
2 1 1.000000000e+00 -16.626453 109.069767
0 1 1 0.0 0.0
45.000000 43.000000 -69.534884 -72.325581 0.000000 40.000000

mayhew north america equal area proxy source 766
10.000000 -175.000000 2.000000 2.000000 400.000000 36 66
1 1 1 1
0.1 1.50 -2.0 2.0 0.080
2 1 1.000000000e+00 -16.626453 111.860465
0 1 1 0.0 0.0
45.000000 43.000000 -66.744186 -69.534884 0.000000 40.000000

mayhew north america equal area proxy source 767
10.000000 -175.000000 2.000000 2.000000 400.000000 36 66
1 1 1 1
0.1 1.50 -2.0 2.0 0.080
2 1 1.000000000e+00 -16.626453 114.651163
0 1 1 0.0 0.0
45.000000 43.000000 -63.953488 -66.744186 0.000000 40.000000

mayhew north america equal area proxy source 768
10.000000 -175.000000 2.000000 2.000000 400.000000 36 66
1 1 1 1
0.1 1.50 -2.0 2.0 0.080
2 1 1.000000000e+00 -16.626453 117.441860
0 1 1 0.0 0.0
45.000000 43.000000 -61.162791 -63.953488 0.000000 40.000000

mayhew north america equal area proxy source 769
10.000000 -175.000000 2.000000 2.000000 400.000000 36 66
1 1 1 1
0.1 1.50 -2.0 2.0 0.080
2 1 1.000000000e+00 -16.626453 120.232558
0 1 1 0.0 0.0
45.000000 43.000000 -58.372093 -61.162791 0.000000 40.000000

mayhew north america equal area proxy source 770
10.000000 -175.000000 2.000000 2.000000 400.000000 36 66
1 1 1 1
0.1 1.50 -2.0 2.0 0.080
2 1 1.000000000e+00 -16.626453 123.023256
0 1 1 0.0 0.0
45.000000 43.000000 -55.581395 -58.372093 0.000000 40.000000

mayhew north america equal area proxy source 771
10.000000 -175.000000 2.000000 2.000000 400.000000 36 66
1 1 1 1
0.1 1.50 -2.0 2.0 0.080
2 1 1.000000000e+00 -16.626453 125.813953
0 1 1 0.0 0.0
45.000000 43.000000 -52.790698 -55.581395 0.000000 40.000000

mayhew north america equal area proxy source 772
10.000000 -175.000000 2.000000 2.000000 400.000000 36 66
1 1 1 1
0.1 1.50 -2.0 2.0 0.080
2 1 1.000000000e+00 -16.626453 128.604651
0 1 1 0.0 0.0
45.000000 43.000000 -50.000000 -52.790698 0.000000 40.000000

mayhew north america equal area proxy source 773
10.000000 -175.000000 2.000000 2.000000 400.000000 36 66
1 1 1 1
0.1 1.50 -2.0 2.0 0.080
2 1 2.500000000e-01 -20.226687 11.428571
0 1 1 0.0 0.0
47.000000 45.000000 -167.142857 -170.000000 0.000000 40.000000

mayhew north america equal area proxy source 774
10.000000 -175.000000 2.000000 2.000000 400.000000 36 66
1 1 1 1
0.1 1.50 -2.0 2.0 0.080
2 1 2.500000000e-01 -20.226687 14.285714
0 1 1 0.0 0.0
47.000000 45.000000 -164.285714 -167.142857 0.000000 40.000000

mayhew north america equal area proxy source 775
10.000000 -175.000000 2.000000 2.000000 400.000000 36 66
1 1 1 1
0.1 1.50 -2.0 2.0 0.080
2 1 2.500000000e-01 -20.226687 17.142857
0 1 1 0.0 0.0
47.000000 45.000000 -161.428571 -164.285714 0.000000 40.000000

mayhew north america equal area proxy source 776
10.000000 -175.000000 2.000000 2.000000 400.000000 36 66
1 1 1 1
0.1 1.50 -2.0 2.0 0.080
2 1 2.500000000e-01 -20.226687 20.000000
0 1 1 0.0 0.0
47.000000 45.000000 -158.571429 -161.428571 0.000000 40.000000

mayhew north america equal area proxy source 777
10.000000 -175.000000 2.000000 2.000000 400.000000 36 66
1 1 1 1
0.1 1.50 -2.0 2.0 0.080
2 1 2.500000000e-01 -20.226687 22.857143
0 1 1 0.0 0.0
47.000000 45.000000 -155.714286 -158.571429 0.000000 40.000000

mayhew north america equal area proxy source 778
10.000000 -175.000000 2.000000 2.000000 400.000000 36 66
1 1 1 1
0.1 1.50 -2.0 2.0 0.080
2 1 2.500000000e-01 -20.226687 25.714286
0 1 1 0.0 0.0
47.000000 45.000000 -152.857143 -155.714286 0.000000 40.000000

mayhew north america equal area proxy source 779
10.000000 -175.000000 2.000000 2.000000 400.000000 36 66
1 1 1 1
0.1 1.50 -2.0 2.0 0.080
2 1 2.500000000e-01 -20.226687 28.571429
0 1 1 0.0 0.0
47.000000 45.000000 -150.000000 -152.857143 0.000000 40.000000

mayhew north america equal area proxy source 780
10.000000 -175.000000 2.000000 2.000000 400.000000 36 66
1 1 1 1
0.1 1.50 -2.0 2.0 0.080
2 1 2.500000000e-01 -20.226687 31.428571
0 1 1 0.0 0.0
47.000000 45.000000 -147.142857 -150.000000 0.000000 40.000000

mayhew north america equal area proxy source 781
10.000000 -175.000000 2.000000 2.000000 400.000000 36 66
1 1 1 1
0.1 1.50 -2.0 2.0 0.080
2 1 2.500000000e-01 -20.226687 34.285714
0 1 1 0.0 0.0
47.000000 45.000000 -144.285714 -147.142857 0.000000 40.000000

mayhew north america equal area proxy source 782
10.000000 -175.000000 2.000000 2.000000 400.000000 36 66
1 1 1 1
0.1 1.50 -2.0 2.0 0.080
2 1 2.500000000e-01 -20.226687 37.142857
0 1 1 0.0 0.0
47.000000 45.000000 -141.428571 -144.285714 0.000000 40.000000

mayhew north america equal area proxy source 783
10.000000 -175.000000 2.000000 2.000000 400.000000 36 66
1 1 1 1
0.1 1.50 -2.0 2.0 0.080
2 1 2.500000000e-01 -20.226687 40.000000
0 1 1 0.0 0.0
47.000000 45.000000 -138.571429 -141.428571 0.000000 40.000000

mayhew north america equal area proxy source 784
10.000000 -175.000000 2.000000 2.000000 400.000000 36 66
1 1 1 1
0.1 1.50 -2.0 2.0 0.080
2 1 2.500000000e-01 -20.226687 42.857143
0 1 1 0.0 0.0
47.000000 45.000000 -135.714286 -138.571429 0.000000 40.000000

mayhew north america equal area proxy source 785
10.000000 -175.000000 2.000000 2.000000 400.000000 36 66
1 1 1 1
0.1 1.50 -2.0 2.0 0.080
2 1 2.500000000e-01 -20.226687 45.714286
0 1 1 0.0 0.0
47.000000 45.000000 -132.857143 -135.714286 0.000000 40.000000

mayhew north america equal area proxy source 786
10.000000 -175.000000 2.000000 2.000000 400.000000 36 66
1 1 1 1
0.1 1.50 -2.0 2.0 0.080
2 1 2.500000000e-01 -20.226687 48.571429
0 1 1 0.0 0.0
47.000000 45.000000 -130.000000 -132.857143 0.000000 40.000000

mayhew north america equal area proxy source 787
10.000000 -175.000000 2.000000 2.000000 400.000000 36 66
1 1 1 1
0.1 1.50 -2.0 2.0 0.080
2 1 2.500000000e-01 -20.226687 51.428571
0 1 1 0.0 0.0
47.000000 45.000000 -127.142857 -130.000000 0.000000 40.000000

mayhew north america equal area proxy source 788
10.000000 -175.000000 2.000000 2.000000 400.000000 36 66
1 1 1 1
0.1 1.50 -2.0 2.0 0.080
2 1 2.500000000e-01 -20.226687 54.285714
0 1 1 0.0 0.0
47.000000 45.000000 -124.285714 -127.142857 0.000000 40.000000

mayhew north america equal area proxy source 789
10.000000 -175.000000 2.000000 2.000000 400.000000 36 66
1 1 1 1
0.1 1.50 -2.0 2.0 0.080
2 1 2.500000000e-01 -20.226687 57.142857
0 1 1 0.0 0.0
47.000000 45.000000 -121.428571 -124.285714 0.000000 40.000000

mayhew north america equal area proxy source 790
10.000000 -175.000000 2.000000 2.000000 400.000000 36 66
1 1 1 1
0.1 1.50 -2.0 2.0 0.080
2 1 2.500000000e-01 -20.226687 60.000000
0 1 1 0.0 0.0
47.000000 45.000000 -118.571429 -121.428571 0.000000 40.000000

mayhew north america equal area proxy source 791
10.000000 -175.000000 2.000000 2.000000 400.000000 36 66
1 1 1 1
0.1 1.50 -2.0 2.0 0.080
2 1 2.500000000e-01 -20.226687 62.857143
0 1 1 0.0 0.0
47.000000 45.000000 -115.714286 -118.571429 0.000000 40.000000

mayhew north america equal area proxy source 792
10.000000 -175.000000 2.000000 2.000000 400.000000 36 66
1 1 1 1
0.1 1.50 -2.0 2.0 0.080
2 1 2.500000000e-01 -20.226687 65.714286
0 1 1 0.0 0.0
47.000000 45.000000 -112.857143 -115.714286 0.000000 40.000000

mayhew north america equal area proxy source 793
10.000000 -175.000000 2.000000 2.000000 400.000000 36 66
1 1 1 1
0.1 1.50 -2.0 2.0 0.080
2 1 2.500000000e-01 -20.226687 68.571429
0 1 1 0.0 0.0
47.000000 45.000000 -110.000000 -112.857143 0.000000 40.000000

mayhew north america equal area proxy source 794
10.000000 -175.000000 2.000000 2.000000 400.000000 36 66
1 1 1 1
0.1 1.50 -2.0 2.0 0.080
2 1 2.500000000e-01 -20.226687 71.428571
0 1 1 0.0 0.0
47.000000 45.000000 -107.142857 -110.000000 0.000000 40.000000

mayhew north america equal area proxy source 795
10.000000 -175.000000 2.000000 2.000000 400.000000 36 66
1 1 1 1
0.1 1.50 -2.0 2.0 0.080
2 1 2.500000000e+00 -20.226687 74.285714
0 1 1 0.0 0.0
47.000000 45.000000 -104.285714 -107.142857 0.000000 40.000000

mayhew north america equal area proxy source 796
10.000000 -175.000000 2.000000 2.000000 400.000000 36 66
1 1 1 1
0.1 1.50 -2.0 2.0 0.080
2 1 2.500000000e+00 -20.226687 77.142857
0 1 1 0.0 0.0
47.000000 45.000000 -101.428571 -104.285714 0.000000 40.000000

mayhew north america equal area proxy source 797
10.000000 -175.000000 2.000000 2.000000 400.000000 36 66
1 1 1 1
0.1 1.50 -2.0 2.0 0.080
2 1 2.500000000e+00 -20.226687 80.000000
0 1 1 0.0 0.0
47.000000 45.000000 -98.571429 -101.428571 0.000000 40.000000

mayhew north america equal area proxy source 798
10.000000 -175.000000 2.000000 2.000000 400.000000 36 66
1 1 1 1
0.1 1.50 -2.0 2.0 0.080
2 1 2.500000000e+00 -20.226687 82.857143
0 1 1 0.0 0.0
47.000000 45.000000 -95.714286 -98.571429 0.000000 40.000000

mayhew north america equal area proxy source 799
10.000000 -175.000000 2.000000 2.000000 400.000000 36 66
1 1 1 1
0.1 1.50 -2.0 2.0 0.080
2 1 2.500000000e+00 -20.226687 85.714286
0 1 1 0.0 0.0
47.000000 45.000000 -92.857143 -95.714286 0.000000 40.000000

mayhew north america equal area proxy source 800
10.000000 -175.000000 2.000000 2.000000 400.000000 36 66
1 1 1 1
0.1 1.50 -2.0 2.0 0.080
2 1 2.500000000e+00 -20.226687 88.571429
0 1 1 0.0 0.0
47.000000 45.000000 -90.000000 -92.857143 0.000000 40.000000

mayhew north america equal area proxy source 801
10.000000 -175.000000 2.000000 2.000000 400.000000 36 66
1 1 1 1
0.1 1.50 -2.0 2.0 0.080
2 1 2.500000000e+00 -20.226687 91.428571
0 1 1 0.0 0.0
47.000000 45.000000 -87.142857 -90.000000 0.000000 40.000000

mayhew north america equal area proxy source 802
10.000000 -175.000000 2.000000 2.000000 400.000000 36 66
1 1 1 1
0.1 1.50 -2.0 2.0 0.080
2 1 2.500000000e+00 -20.226687 94.285714
0 1 1 0.0 0.0
47.000000 45.000000 -84.285714 -87.142857 0.000000 40.000000

mayhew north america equal area proxy source 803
10.000000 -175.000000 2.000000 2.000000 400.000000 36 66
1 1 1 1
0.1 1.50 -2.0 2.0 0.080
2 1 2.500000000e+00 -20.226687 97.142857
0 1 1 0.0 0.0
47.000000 45.000000 -81.428571 -84.285714 0.000000 40.000000

mayhew north america equal area proxy source 804
10.000000 -175.000000 2.000000 2.000000 400.000000 36 66
1 1 1 1
0.1 1.50 -2.0 2.0 0.080
2 1 2.500000000e+00 -20.226687 100.000000
0 1 1 0.0 0.0
47.000000 45.000000 -78.571429 -81.428571 0.000000 40.000000

mayhew north america equal area proxy source 805
10.000000 -175.000000 2.000000 2.000000 400.000000 36 66
1 1 1 1
0.1 1.50 -2.0 2.0 0.080
2 1 2.500000000e+00 -20.226687 102.857143
0 1 1 0.0 0.0
47.000000 45.000000 -75.714286 -78.571429 0.000000 40.000000

mayhew north america equal area proxy source 806
10.000000 -175.000000 2.000000 2.000000 400.000000 36 66
1 1 1 1
0.1 1.50 -2.0 2.0 0.080
2 1 1.000000000e+00 -20.226687 105.714286
0 1 1 0.0 0.0
47.000000 45.000000 -72.857143 -75.714286 0.000000 40.000000

mayhew north america equal area proxy source 807
10.000000 -175.000000 2.000000 2.000000 400.000000 36 66
1 1 1 1
0.1 1.50 -2.0 2.0 0.080
2 1 1.000000000e+00 -20.226687 108.571429
0 1 1 0.0 0.0
47.000000 45.000000 -70.000000 -72.857143 0.000000 40.000000

mayhew north america equal area proxy source 808
10.000000 -175.000000 2.000000 2.000000 400.000000 36 66
1 1 1 1
0.1 1.50 -2.0 2.0 0.080
2 1 1.000000000e+00 -20.226687 111.428571
0 1 1 0.0 0.0
47.000000 45.000000 -67.142857 -70.000000 0.000000 40.000000

mayhew north america equal area proxy source 809
10.000000 -175.000000 2.000000 2.000000 400.000000 36 66
1 1 1 1
0.1 1.50 -2.0 2.0 0.080
2 1 1.000000000e+00 -20.226687 114.285714
0 1 1 0.0 0.0
47.000000 45.000000 -64.285714 -67.142857 0.000000 40.000000

mayhew north america equal area proxy source 810
10.000000 -175.000000 2.000000 2.000000 400.000000 36 66
1 1 1 1
0.1 1.50 -2.0 2.0 0.080
2 1 1.000000000e+00 -20.226687 117.142857
0 1 1 0.0 0.0
47.000000 45.000000 -61.428571 -64.285714 0.000000 40.000000

mayhew north america equal area proxy source 811
10.000000 -175.000000 2.000000 2.000000 400.000000 36 66
1 1 1 1
0.1 1.50 -2.0 2.0 0.080
2 1 1.000000000e+00 -20.226687 120.000000
0 1 1 0.0 0.0
47.000000 45.000000 -58.571429 -61.428571 0.000000 40.000000

mayhew north america equal area proxy source 812
10.000000 -175.000000 2.000000 2.000000 400.000000 36 66
1 1 1 1
0.1 1.50 -2.0 2.0 0.080
2 1 1.000000000e+00 -20.226687 122.857143
0 1 1 0.0 0.0
47.000000 45.000000 -55.714286 -58.571429 0.000000 40.000000

mayhew north america equal area proxy source 813
10.000000 -175.000000 2.000000 2.000000 400.000000 36 66
1 1 1 1
0.1 1.50 -2.0 2.0 0.080
2 1 1.000000000e+00 -20.226687 125.714286
0 1 1 0.0 0.0
47.000000 45.000000 -52.857143 -55.714286 0.000000 40.000000

mayhew north america equal area proxy source 814
10.000000 -175.000000 2.000000 2.000000 400.000000 36 66
1 1 1 1
0.1 1.50 -2.0 2.0 0.080
2 1 1.000000000e+00 -20.226687 128.571429
0 1 1 0.0 0.0
47.000000 45.000000 -50.000000 -52.857143 0.000000 40.000000

mayhew north america equal area proxy source 815
10.000000 -175.000000 2.000000 2.000000 400.000000 36 66
1 1 1 1
0.1 1.50 -2.0 2.0 0.080
2 1 2.500000000e-01 -23.762630 11.500000
0 1 1 0.0 0.0
49.000000 47.000000 -167.000000 -170.000000 0.000000 40.000000

mayhew north america equal area proxy source 816
10.000000 -175.000000 2.000000 2.000000 400.000000 36 66
1 1 1 1
0.1 1.50 -2.0 2.0 0.080
2 1 2.500000000e-01 -23.762630 14.500000
0 1 1 0.0 0.0
49.000000 47.000000 -164.000000 -167.000000 0.000000 40.000000

mayhew north america equal area proxy source 817
10.000000 -175.000000 2.000000 2.000000 400.000000 36 66
1 1 1 1
0.1 1.50 -2.0 2.0 0.080
2 1 2.500000000e-01 -23.762630 17.500000
0 1 1 0.0 0.0
49.000000 47.000000 -161.000000 -164.000000 0.000000 40.000000

mayhew north america equal area proxy source 818
10.000000 -175.000000 2.000000 2.000000 400.000000 36 66
1 1 1 1
0.1 1.50 -2.0 2.0 0.080
2 1 2.500000000e-01 -23.762630 20.500000
0 1 1 0.0 0.0
49.000000 47.000000 -158.000000 -161.000000 0.000000 40.000000

mayhew north america equal area proxy source 819
10.000000 -175.000000 2.000000 2.000000 400.000000 36 66
1 1 1 1
0.1 1.50 -2.0 2.0 0.080
2 1 2.500000000e-01 -23.762630 23.500000
0 1 1 0.0 0.0
49.000000 47.000000 -155.000000 -158.000000 0.000000 40.000000

mayhew north america equal area proxy source 820
10.000000 -175.000000 2.000000 2.000000 400.000000 36 66
1 1 1 1
0.1 1.50 -2.0 2.0 0.080
2 1 2.500000000e-01 -23.762630 26.500000
0 1 1 0.0 0.0
49.000000 47.000000 -152.000000 -155.000000 0.000000 40.000000

mayhew north america equal area proxy source 821
10.000000 -175.000000 2.000000 2.000000 400.000000 36 66
1 1 1 1
0.1 1.50 -2.0 2.0 0.080
2 1 2.500000000e-01 -23.762630 29.500000
0 1 1 0.0 0.0
49.000000 47.000000 -149.000000 -152.000000 0.000000 40.000000

mayhew north america equal area proxy source 822
10.000000 -175.000000 2.000000 2.000000 400.000000 36 66
1 1 1 1
0.1 1.50 -2.0 2.0 0.080
2 1 2.500000000e-01 -23.762630 32.500000
0 1 1 0.0 0.0
49.000000 47.000000 -146.000000 -149.000000 0.000000 40.000000

mayhew north america equal area proxy source 823
10.000000 -175.000000 2.000000 2.000000 400.000000 36 66
1 1 1 1
0.1 1.50 -2.0 2.0 0.080
2 1 2.500000000e-01 -23.762630 35.500000
0 1 1 0.0 0.0
49.000000 47.000000 -143.000000 -146.000000 0.000000 40.000000

mayhew north america equal area proxy source 824
10.000000 -175.000000 2.000000 2.000000 400.000000 36 66
1 1 1 1
0.1 1.50 -2.0 2.0 0.080
2 1 2.500000000e-01 -23.762630 38.500000
0 1 1 0.0 0.0
49.000000 47.000000 -140.000000 -143.000000 0.000000 40.000000

mayhew north america equal area proxy source 825
10.000000 -175.000000 2.000000 2.000000 400.000000 36 66
1 1 1 1
0.1 1.50 -2.0 2.0 0.080
2 1 2.500000000e-01 -23.762630 41.500000
0 1 1 0.0 0.0
49.000000 47.000000 -137.000000 -140.000000 0.000000 40.000000

mayhew north america equal area proxy source 826
10.000000 -175.000000 2.000000 2.000000 400.000000 36 66
1 1 1 1
0.1 1.50 -2.0 2.0 0.080
2 1 2.500000000e-01 -23.762630 44.500000
0 1 1 0.0 0.0
49.000000 47.000000 -134.000000 -137.000000 0.000000 40.000000

mayhew north america equal area proxy source 827
10.000000 -175.000000 2.000000 2.000000 400.000000 36 66
1 1 1 1
0.1 1.50 -2.0 2.0 0.080
2 1 2.500000000e-01 -23.762630 47.500000
0 1 1 0.0 0.0
49.000000 47.000000 -131.000000 -134.000000 0.000000 40.000000

mayhew north america equal area proxy source 828
10.000000 -175.000000 2.000000 2.000000 400.000000 36 66
1 1 1 1
0.1 1.50 -2.0 2.0 0.080
2 1 2.500000000e-01 -23.762630 50.500000
0 1 1 0.0 0.0
49.000000 47.000000 -128.000000 -131.000000 0.000000 40.000000

mayhew north america equal area proxy source 829
10.000000 -175.000000 2.000000 2.000000 400.000000 36 66
1 1 1 1
0.1 1.50 -2.0 2.0 0.080
2 1 2.500000000e-01 -23.762630 53.500000
0 1 1 0.0 0.0
49.000000 47.000000 -125.000000 -128.000000 0.000000 40.000000

mayhew north america equal area proxy source 830
10.000000 -175.000000 2.000000 2.000000 400.000000 36 66
1 1 1 1
0.1 1.50 -2.0 2.0 0.080
2 1 1.600000000e+00 -23.762630 56.500000
0 1 1 0.0 0.0
49.000000 47.000000 -122.000000 -125.000000 0.000000 40.000000

mayhew north america equal area proxy source 831
10.000000 -175.000000 2.000000 2.000000 400.000000 36 66
1 1 1 1
0.1 1.50 -2.0 2.0 0.080
2 1 1.600000000e+00 -23.762630 59.500000
0 1 1 0.0 0.0
49.000000 47.000000 -119.000000 -122.000000 0.000000 40.000000

mayhew north america equal area proxy source 832
10.000000 -175.000000 2.000000 2.000000 400.000000 36 66
1 1 1 1
0.1 1.50 -2.0 2.0 0.080
2 1 1.600000000e+00 -23.762630 62.500000
0 1 1 0.0 0.0
49.000000 47.000000 -116.000000 -119.000000 0.000000 40.000000

mayhew north america equal area proxy source 833
10.000000 -175.000000 2.000000 2.000000 400.000000 36 66
1 1 1 1
0.1 1.50 -2.0 2.0 0.080
2 1 1.600000000e+00 -23.762630 65.500000
0 1 1 0.0 0.0
49.000000 47.000000 -113.000000 -116.000000 0.000000 40.000000

mayhew north america equal area proxy source 834
10.000000 -175.000000 2.000000 2.000000 400.000000 36 66
1 1 1 1
0.1 1.50 -2.0 2.0 0.080
2 1 1.600000000e+00 -23.762630 68.500000
0 1 1 0.0 0.0
49.000000 47.000000 -110.000000 -113.000000 0.000000 40.000000

mayhew north america equal area proxy source 835
10.000000 -175.000000 2.000000 2.000000 400.000000 36 66
1 1 1 1
0.1 1.50 -2.0 2.0 0.080
2 1 1.600000000e+00 -23.762630 71.500000
0 1 1 0.0 0.0
49.000000 47.000000 -107.000000 -110.000000 0.000000 40.000000

mayhew north america equal area proxy source 836
10.000000 -175.000000 2.000000 2.000000 400.000000 36 66
1 1 1 1
0.1 1.50 -2.0 2.0 0.080
2 1 2.500000000e+00 -23.762630 74.500000
0 1 1 0.0 0.0
49.000000 47.000000 -104.000000 -107.000000 0.000000 40.000000

mayhew north america equal area proxy source 837
10.000000 -175.000000 2.000000 2.000000 400.000000 36 66
1 1 1 1
0.1 1.50 -2.0 2.0 0.080
2 1 2.500000000e+00 -23.762630 77.500000
0 1 1 0.0 0.0
49.000000 47.000000 -101.000000 -104.000000 0.000000 40.000000

mayhew north america equal area proxy source 838
10.000000 -175.000000 2.000000 2.000000 400.000000 36 66
1 1 1 1
0.1 1.50 -2.0 2.0 0.080
2 1 2.500000000e+00 -23.762630 80.500000
0 1 1 0.0 0.0
49.000000 47.000000 -98.000000 -101.000000 0.000000 40.000000

mayhew north america equal area proxy source 839
10.000000 -175.000000 2.000000 2.000000 400.000000 36 66
1 1 1 1
0.1 1.50 -2.0 2.0 0.080
2 1 2.500000000e+00 -23.762630 83.500000
0 1 1 0.0 0.0
49.000000 47.000000 -95.000000 -98.000000 0.000000 40.000000

mayhew north america equal area proxy source 840
10.000000 -175.000000 2.000000 2.000000 400.000000 36 66
1 1 1 1
0.1 1.50 -2.0 2.0 0.080
2 1 2.500000000e+00 -23.762630 86.500000
0 1 1 0.0 0.0
49.000000 47.000000 -92.000000 -95.000000 0.000000 40.000000

mayhew north america equal area proxy source 841
10.000000 -175.000000 2.000000 2.000000 400.000000 36 66
1 1 1 1
0.1 1.50 -2.0 2.0 0.080
2 1 2.500000000e+00 -23.762630 89.500000
0 1 1 0.0 0.0
49.000000 47.000000 -89.000000 -92.000000 0.000000 40.000000

mayhew north america equal area proxy source 842
10.000000 -175.000000 2.000000 2.000000 400.000000 36 66
1 1 1 1
0.1 1.50 -2.0 2.0 0.080
2 1 2.500000000e+00 -23.762630 92.500000
0 1 1 0.0 0.0
49.000000 47.000000 -86.000000 -89.000000 0.000000 40.000000

mayhew north america equal area proxy source 843
10.000000 -175.000000 2.000000 2.000000 400.000000 36 66
1 1 1 1
0.1 1.50 -2.0 2.0 0.080
2 1 2.500000000e+00 -23.762630 95.500000
0 1 1 0.0 0.0
49.000000 47.000000 -83.000000 -86.000000 0.000000 40.000000

mayhew north america equal area proxy source 844
10.000000 -175.000000 2.000000 2.000000 400.000000 36 66
1 1 1 1
0.1 1.50 -2.0 2.0 0.080
2 1 2.500000000e+00 -23.762630 98.500000
0 1 1 0.0 0.0
49.000000 47.000000 -80.000000 -83.000000 0.000000 40.000000

mayhew north america equal area proxy source 845
10.000000 -175.000000 2.000000 2.000000 400.000000 36 66
1 1 1 1
0.1 1.50 -2.0 2.0 0.080
2 1 2.500000000e+00 -23.762630 101.500000
0 1 1 0.0 0.0
49.000000 47.000000 -77.000000 -80.000000 0.000000 40.000000

mayhew north america equal area proxy source 846
10.000000 -175.000000 2.000000 2.000000 400.000000 36 66
1 1 1 1
0.1 1.50 -2.0 2.0 0.080
2 1 1.600000000e+00 -23.762630 104.500000
0 1 1 0.0 0.0
49.000000 47.000000 -74.000000 -77.000000 0.000000 40.000000

mayhew north america equal area proxy source 847
10.000000 -175.000000 2.000000 2.000000 400.000000 36 66
1 1 1 1
0.1 1.50 -2.0 2.0 0.080
2 1 1.600000000e+00 -23.762630 107.500000
0 1 1 0.0 0.0
49.000000 47.000000 -71.000000 -74.000000 0.000000 40.000000

mayhew north america equal area proxy source 848
10.000000 -175.000000 2.000000 2.000000 400.000000 36 66
1 1 1 1
0.1 1.50 -2.0 2.0 0.080
2 1 1.600000000e+00 -23.762630 110.500000
0 1 1 0.0 0.0
49.000000 47.000000 -68.000000 -71.000000 0.000000 40.000000

mayhew north america equal area proxy source 849
10.000000 -175.000000 2.000000 2.000000 400.000000 36 66
1 1 1 1
0.1 1.50 -2.0 2.0 0.080
2 1 1.600000000e+00 -23.762630 113.500000
0 1 1 0.0 0.0
49.000000 47.000000 -65.000000 -68.000000 0.000000 40.000000

mayhew north america equal area proxy source 850
10.000000 -175.000000 2.000000 2.000000 400.000000 36 66
1 1 1 1
0.1 1.50 -2.0 2.0 0.080
2 1 1.600000000e+00 -23.762630 116.500000
0 1 1 0.0 0.0
49.000000 47.000000 -62.000000 -65.000000 0.000000 40.000000

mayhew north america equal area proxy source 851
10.000000 -175.000000 2.000000 2.000000 400.000000 36 66
1 1 1 1
0.1 1.50 -2.0 2.0 0.080
2 1 1.600000000e+00 -23.762630 119.500000
0 1 1 0.0 0.0
49.000000 47.000000 -59.000000 -62.000000 0.000000 40.000000

mayhew north america equal area proxy source 852
10.000000 -175.000000 2.000000 2.000000 400.000000 36 66
1 1 1 1
0.1 1.50 -2.0 2.0 0.080
2 1 1.600000000e+00 -23.762630 122.500000
0 1 1 0.0 0.0
49.000000 47.000000 -56.000000 -59.000000 0.000000 40.000000

mayhew north america equal area proxy source 853
10.000000 -175.000000 2.000000 2.000000 400.000000 36 66
1 1 1 1
0.1 1.50 -2.0 2.0 0.080
2 1 1.000000000e+00 -23.762630 125.500000
0 1 1 0.0 0.0
49.000000 47.000000 -53.000000 -56.000000 0.000000 40.000000

mayhew north america equal area proxy source 854
10.000000 -175.000000 2.000000 2.000000 400.000000 36 66
1 1 1 1
0.1 1.50 -2.0 2.0 0.080
2 1 1.000000000e+00 -23.762630 128.500000
0 1 1 0.0 0.0
49.000000 47.000000 -50.000000 -53.000000 0.000000 40.000000

mayhew north america equal area proxy source 855
10.000000 -175.000000 2.000000 2.000000 400.000000 36 66
1 1 1 1
0.1 1.50 -2.0 2.0 0.080
2 1 2.500000000e-01 -27.239524 11.538462
0 1 1 0.0 0.0
51.000000 49.000000 -166.923077 -170.000000 0.000000 40.000000

mayhew north america equal area proxy source 856
10.000000 -175.000000 2.000000 2.000000 400.000000 36 66
1 1 1 1
0.1 1.50 -2.0 2.0 0.080
2 1 2.500000000e-01 -27.239524 14.615385
0 1 1 0.0 0.0
51.000000 49.000000 -163.846154 -166.923077 0.000000 40.000000

mayhew north america equal area proxy source 857
10.000000 -175.000000 2.000000 2.000000 400.000000 36 66
1 1 1 1
0.1 1.50 -2.0 2.0 0.080
2 1 2.500000000e-01 -27.239524 17.692308
0 1 1 0.0 0.0
51.000000 49.000000 -160.769231 -163.846154 0.000000 40.000000

mayhew north america equal area proxy source 858
10.000000 -175.000000 2.000000 2.000000 400.000000 36 66
1 1 1 1
0.1 1.50 -2.0 2.0 0.080
2 1 2.500000000e-01 -27.239524 20.769231
0 1 1 0.0 0.0
51.000000 49.000000 -157.692308 -160.769231 0.000000 40.000000

mayhew north america equal area proxy source 859
10.000000 -175.000000 2.000000 2.000000 400.000000 36 66
1 1 1 1
0.1 1.50 -2.0 2.0 0.080
2 1 2.500000000e-01 -27.239524 23.846154
0 1 1 0.0 0.0
51.000000 49.000000 -154.615385 -157.692308 0.000000 40.000000

mayhew north america equal area proxy source 860
10.000000 -175.000000 2.000000 2.000000 400.000000 36 66
1 1 1 1
0.1 1.50 -2.0 2.0 0.080
2 1 2.500000000e-01 -27.239524 26.923077
0 1 1 0.0 0.0
51.000000 49.000000 -151.538462 -154.615385 0.000000 40.000000

mayhew north america equal area proxy source 861
10.000000 -175.000000 2.000000 2.000000 400.000000 36 66
1 1 1 1
0.1 1.50 -2.0 2.0 0.080
2 1 2.500000000e-01 -27.239524 30.000000
0 1 1 0.0 0.0
51.000000 49.000000 -148.461538 -151.538462 0.000000 40.000000

mayhew north america equal area proxy source 862
10.000000 -175.000000 2.000000 2.000000 400.000000 36 66
1 1 1 1
0.1 1.50 -2.0 2.0 0.080
2 1 2.500000000e-01 -27.239524 33.076923
0 1 1 0.0 0.0
51.000000 49.000000 -145.384615 -148.461538 0.000000 40.000000

mayhew north america equal area proxy source 863
10.000000 -175.000000 2.000000 2.000000 400.000000 36 66
1 1 1 1
0.1 1.50 -2.0 2.0 0.080
2 1 2.500000000e-01 -27.239524 36.153846
0 1 1 0.0 0.0
51.000000 49.000000 -142.307692 -145.384615 0.000000 40.000000

mayhew north america equal area proxy source 864
10.000000 -175.000000 2.000000 2.000000 400.000000 36 66
1 1 1 1
0.1 1.50 -2.0 2.0 0.080
2 1 2.500000000e-01 -27.239524 39.230769
0 1 1 0.0 0.0
51.000000 49.000000 -139.230769 -142.307692 0.000000 40.000000

mayhew north america equal area proxy source 865
10.000000 -175.000000 2.000000 2.000000 400.000000 36 66
1 1 1 1
0.1 1.50 -2.0 2.0 0.080
2 1 2.500000000e-01 -27.239524 42.307692
0 1 1 0.0 0.0
51.000000 49.000000 -136.153846 -139.230769 0.000000 40.000000

mayhew north america equal area proxy source 866
10.000000 -175.000000 2.000000 2.000000 400.000000 36 66
1 1 1 1
0.1 1.50 -2.0 2.0 0.080
2 1 2.500000000e-01 -27.239524 45.384615
0 1 1 0.0 0.0
51.000000 49.000000 -133.076923 -136.153846 0.000000 40.000000

mayhew north america equal area proxy source 867
10.000000 -175.000000 2.000000 2.000000 400.000000 36 66
1 1 1 1
0.1 1.50 -2.0 2.0 0.080
2 1 2.500000000e-01 -27.239524 48.461538
0 1 1 0.0 0.0
51.000000 49.000000 -130.000000 -133.076923 0.000000 40.000000

mayhew north america equal area proxy source 868
10.000000 -175.000000 2.000000 2.000000 400.000000 36 66
1 1 1 1
0.1 1.50 -2.0 2.0 0.080
2 1 2.500000000e-01 -27.239524 51.538462
0 1 1 0.0 0.0
51.000000 49.000000 -126.923077 -130.000000 0.000000 40.000000

mayhew north america equal area proxy source 869
10.000000 -175.000000 2.000000 2.000000 400.000000 36 66
1 1 1 1
0.1 1.50 -2.0 2.0 0.080
2 1 2.500000000e-01 -27.239524 54.615385
0 1 1 0.0 0.0
51.000000 49.000000 -123.846154 -126.923077 0.000000 40.000000

mayhew north america equal area proxy source 870
10.000000 -175.000000 2.000000 2.000000 400.000000 36 66
1 1 1 1
0.1 1.50 -2.0 2.0 0.080
2 1 1.600000000e+00 -27.239524 57.692308
0 1 1 0.0 0.0
51.000000 49.000000 -120.769231 -123.846154 0.000000 40.000000

mayhew north america equal area proxy source 871
10.000000 -175.000000 2.000000 2.000000 400.000000 36 66
1 1 1 1
0.1 1.50 -2.0 2.0 0.080
2 1 1.600000000e+00 -27.239524 60.769231
0 1 1 0.0 0.0
51.000000 49.000000 -117.692308 -120.769231 0.000000 40.000000

mayhew north america equal area proxy source 872
10.000000 -175.000000 2.000000 2.000000 400.000000 36 66
1 1 1 1
0.1 1.50 -2.0 2.0 0.080
2 1 1.600000000e+00 -27.239524 63.846154
0 1 1 0.0 0.0
51.000000 49.000000 -114.615385 -117.692308 0.000000 40.000000

mayhew north america equal area proxy source 873
10.000000 -175.000000 2.000000 2.000000 400.000000 36 66
1 1 1 1
0.1 1.50 -2.0 2.0 0.080
2 1 1.600000000e+00 -27.239524 66.923077
0 1 1 0.0 0.0
51.000000 49.000000 -111.538462 -114.615385 0.000000 40.000000

mayhew north america equal area proxy source 874
10.000000 -175.000000 2.000000 2.000000 400.000000 36 66
1 1 1 1
0.1 1.50 -2.0 2.0 0.080
2 1 1.600000000e+00 -27.239524 70.000000
0 1 1 0.0 0.0
51.000000 49.000000 -108.461538 -111.538462 0.000000 40.000000

mayhew north america equal area proxy source 875
10.000000 -175.000000 2.000000 2.000000 400.000000 36 66
1 1 1 1
0.1 1.50 -2.0 2.0 0.080
2 1 2.500000000e+00 -27.239524 73.076923
0 1 1 0.0 0.0
51.000000 49.000000 -105.384615 -108.461538 0.000000 40.000000

mayhew north america equal area proxy source 876
10.000000 -175.000000 2.000000 2.000000 400.000000 36 66
1 1 1 1
0.1 1.50 -2.0 2.0 0.080
2 1 2.500000000e+00 -27.239524 76.153846
0 1 1 0.0 0.0
51.000000 49.000000 -102.307692 -105.384615 0.000000 40.000000

mayhew north america equal area proxy source 877
10.000000 -175.000000 2.000000 2.000000 400.000000 36 66
1 1 1 1
0.1 1.50 -2.0 2.0 0.080
2 1 2.500000000e+00 -27.239524 79.230769
0 1 1 0.0 0.0
51.000000 49.000000 -99.230769 -102.307692 0.000000 40.000000

mayhew north america equal area proxy source 878
10.000000 -175.000000 2.000000 2.000000 400.000000 36 66
1 1 1 1
0.1 1.50 -2.0 2.0 0.080
2 1 2.500000000e+00 -27.239524 82.307692
0 1 1 0.0 0.0
51.000000 49.000000 -96.153846 -99.230769 0.000000 40.000000

mayhew north america equal area proxy source 879
10.000000 -175.000000 2.000000 2.000000 400.000000 36 66
1 1 1 1
0.1 1.50 -2.0 2.0 0.080
2 1 2.500000000e+00 -27.239524 85.384615
0 1 1 0.0 0.0
51.000000 49.000000 -93.076923 -96.153846 0.000000 40.000000

mayhew north america equal area proxy source 880
10.000000 -175.000000 2.000000 2.000000 400.000000 36 66
1 1 1 1
0.1 1.50 -2.0 2.0 0.080
2 1 2.500000000e+00 -27.239524 88.461538
0 1 1 0.0 0.0
51.000000 49.000000 -90.000000 -93.076923 0.000000 40.000000

mayhew north america equal area proxy source 881
10.000000 -175.000000 2.000000 2.000000 400.000000 36 66
1 1 1 1
0.1 1.50 -2.0 2.0 0.080
2 1 2.500000000e+00 -27.239524 91.538462
0 1 1 0.0 0.0
51.000000 49.000000 -86.923077 -90.000000 0.000000 40.000000

mayhew north america equal area proxy source 882
10.000000 -175.000000 2.000000 2.000000 400.000000 36 66
1 1 1 1
0.1 1.50 -2.0 2.0 0.080
2 1 2.500000000e+00 -27.239524 94.615385
0 1 1 0.0 0.0
51.000000 49.000000 -83.846154 -86.923077 0.000000 40.000000

mayhew north america equal area proxy source 883
10.000000 -175.000000 2.000000 2.000000 400.000000 36 66
1 1 1 1
0.1 1.50 -2.0 2.0 0.080
2 1 2.500000000e+00 -27.239524 97.692308
0 1 1 0.0 0.0
51.000000 49.000000 -80.769231 -83.846154 0.000000 40.000000

mayhew north america equal area proxy source 884
10.000000 -175.000000 2.000000 2.000000 400.000000 36 66
1 1 1 1
0.1 1.50 -2.0 2.0 0.080
2 1 2.500000000e+00 -27.239524 100.769231
0 1 1 0.0 0.0
51.000000 49.000000 -77.692308 -80.769231 0.000000 40.000000

mayhew north america equal area proxy source 885
10.000000 -175.000000 2.000000 2.000000 400.000000 36 66
1 1 1 1
0.1 1.50 -2.0 2.0 0.080
2 1 2.500000000e+00 -27.239524 103.846154
0 1 1 0.0 0.0
51.000000 49.000000 -74.615385 -77.692308 0.000000 40.000000

mayhew north america equal area proxy source 886
10.000000 -175.000000 2.000000 2.000000 400.000000 36 66
1 1 1 1
0.1 1.50 -2.0 2.0 0.080
2 1 1.600000000e+00 -27.239524 106.923077
0 1 1 0.0 0.0
51.000000 49.000000 -71.538462 -74.615385 0.000000 40.000000

mayhew north america equal area proxy source 887
10.000000 -175.000000 2.000000 2.000000 400.000000 36 66
1 1 1 1
0.1 1.50 -2.0 2.0 0.080
2 1 1.600000000e+00 -27.239524 110.000000
0 1 1 0.0 0.0
51.000000 49.000000 -68.461538 -71.538462 0.000000 40.000000

mayhew north america equal area proxy source 888
10.000000 -175.000000 2.000000 2.000000 400.000000 36 66
1 1 1 1
0.1 1.50 -2.0 2.0 0.080
2 1 1.600000000e+00 -27.239524 113.076923
0 1 1 0.0 0.0
51.000000 49.000000 -65.384615 -68.461538 0.000000 40.000000

mayhew north america equal area proxy source 889
10.000000 -175.000000 2.000000 2.000000 400.000000 36 66
1 1 1 1
0.1 1.50 -2.0 2.0 0.080
2 1 1.600000000e+00 -27.239524 116.153846
0 1 1 0.0 0.0
51.000000 49.000000 -62.307692 -65.384615 0.000000 40.000000

mayhew north america equal area proxy source 890
10.000000 -175.000000 2.000000 2.000000 400.000000 36 66
1 1 1 1
0.1 1.50 -2.0 2.0 0.080
2 1 1.600000000e+00 -27.239524 119.230769
0 1 1 0.0 0.0
51.000000 49.000000 -59.230769 -62.307692 0.000000 40.000000

mayhew north america equal area proxy source 891
10.000000 -175.000000 2.000000 2.000000 400.000000 36 66
1 1 1 1
0.1 1.50 -2.0 2.0 0.080
2 1 1.600000000e+00 -27.239524 122.307692
0 1 1 0.0 0.0
51.000000 49.000000 -56.153846 -59.230769 0.000000 40.000000

mayhew north america equal area proxy source 892
10.000000 -175.000000 2.000000 2.000000 400.000000 36 66
1 1 1 1
0.1 1.50 -2.0 2.0 0.080
2 1 1.000000000e+00 -27.239524 125.384615
0 1 1 0.0 0.0
51.000000 49.000000 -53.076923 -56.153846 0.000000 40.000000

mayhew north america equal area proxy source 893
10.000000 -175.000000 2.000000 2.000000 400.000000 36 66
1 1 1 1
0.1 1.50 -2.0 2.0 0.080
2 1 1.000000000e+00 -27.239524 128.461538
0 1 1 0.0 0.0
51.000000 49.000000 -50.000000 -53.076923 0.000000 40.000000

mayhew north america equal area proxy source 894
10.000000 -175.000000 2.000000 2.000000 400.000000 36 66
1 1 1 1
0.1 1.50 -2.0 2.0 0.080
2 1 7.500000000e-01 -30.662255 11.621622
0 1 1 0.0 0.0
53.000000 51.000000 -166.756757 -170.000000 0.000000 40.000000

mayhew north america equal area proxy source 895
10.000000 -175.000000 2.000000 2.000000 400.000000 36 66
1 1 1 1
0.1 1.50 -2.0 2.0 0.080
2 1 7.500000000e-01 -30.662255 14.864865
0 1 1 0.0 0.0
53.000000 51.000000 -163.513514 -166.756757 0.000000 40.000000

mayhew north america equal area proxy source 896
10.000000 -175.000000 2.000000 2.000000 400.000000 36 66
1 1 1 1
0.1 1.50 -2.0 2.0 0.080
2 1 7.500000000e-01 -30.662255 18.108108
0 1 1 0.0 0.0
53.000000 51.000000 -160.270270 -163.513514 0.000000 40.000000

mayhew north america equal area proxy source 897
10.000000 -175.000000 2.000000 2.000000 400.000000 36 66
1 1 1 1
0.1 1.50 -2.0 2.0 0.080
2 1 7.500000000e-01 -30.662255 21.351351
0 1 1 0.0 0.0
53.000000 51.000000 -157.027027 -160.270270 0.000000 40.000000

mayhew north america equal area proxy source 898
10.000000 -175.000000 2.000000 2.000000 400.000000 36 66
1 1 1 1
0.1 1.50 -2.0 2.0 0.080
2 1 7.500000000e-01 -30.662255 24.594595
0 1 1 0.0 0.0
53.000000 51.000000 -153.783784 -157.027027 0.000000 40.000000

mayhew north america equal area proxy source 899
10.000000 -175.000000 2.000000 2.000000 400.000000 36 66
1 1 1 1
0.1 1.50 -2.0 2.0 0.080
2 1 7.500000000e-01 -30.662255 27.837838
0 1 1 0.0 0.0
53.000000 51.000000 -150.540541 -153.783784 0.000000 40.000000

mayhew north america equal area proxy source 900
10.000000 -175.000000 2.000000 2.000000 400.000000 36 66
1 1 1 1
0.1 1.50 -2.0 2.0 0.080
2 1 7.500000000e-01 -30.662255 31.081081
0 1 1 0.0 0.0
53.000000 51.000000 -147.297297 -150.540541 0.000000 40.000000

mayhew north america equal area proxy source 901
10.000000 -175.000000 2.000000 2.000000 400.000000 36 66
1 1 1 1
0.1 1.50 -2.0 2.0 0.080
2 1 7.500000000e-01 -30.662255 34.324324
0 1 1 0.0 0.0
53.000000 51.000000 -144.054054 -147.297297 0.000000 40.000000

mayhew north america equal area proxy source 902
10.000000 -175.000000 2.000000 2.000000 400.000000 36 66
1 1 1 1
0.1 1.50 -2.0 2.0 0.080
2 1 7.500000000e-01 -30.662255 37.567568
0 1 1 0.0 0.0
53.000000 51.000000 -140.810811 -144.054054 0.000000 40.000000

mayhew north america equal area proxy source 903
10.000000 -175.000000 2.000000 2.000000 400.000000 36 66
1 1 1 1
0.1 1.50 -2.0 2.0 0.080
2 1 7.500000000e-01 -30.662255 40.810811
0 1 1 0.0 0.0
53.000000 51.000000 -137.567568 -140.810811 0.000000 40.000000

mayhew north america equal area proxy source 904
10.000000 -175.000000 2.000000 2.000000 400.000000 36 66
1 1 1 1
0.1 1.50 -2.0 2.0 0.080
2 1 7.500000000e-01 -30.662255 44.054054
0 1 1 0.0 0.0
53.000000 51.000000 -134.324324 -137.567568 0.000000 40.000000

mayhew north america equal area proxy source 905
10.000000 -175.000000 2.000000 2.000000 400.000000 36 66
1 1 1 1
0.1 1.50 -2.0 2.0 0.080
2 1 7.500000000e-01 -30.662255 47.297297
0 1 1 0.0 0.0
53.000000 51.000000 -131.081081 -134.324324 0.000000 40.000000

mayhew north america equal area proxy source 906
10.000000 -175.000000 2.000000 2.000000 400.000000 36 66
1 1 1 1
0.1 1.50 -2.0 2.0 0.080
2 1 7.500000000e-01 -30.662255 50.540541
0 1 1 0.0 0.0
53.000000 51.000000 -127.837838 -131.081081 0.000000 40.000000

mayhew north america equal area proxy source 907
10.000000 -175.000000 2.000000 2.000000 400.000000 36 66
1 1 1 1
0.1 1.50 -2.0 2.0 0.080
2 1 7.500000000e-01 -30.662255 53.783784
0 1 1 0.0 0.0
53.000000 51.000000 -124.594595 -127.837838 0.000000 40.000000

mayhew north america equal area proxy source 908
10.000000 -175.000000 2.000000 2.000000 400.000000 36 66
1 1 1 1
0.1 1.50 -2.0 2.0 0.080
2 1 1.600000000e+00 -30.662255 57.027027
0 1 1 0.0 0.0
53.000000 51.000000 -121.351351 -124.594595 0.000000 40.000000

mayhew north america equal area proxy source 909
10.000000 -175.000000 2.000000 2.000000 400.000000 36 66
1 1 1 1
0.1 1.50 -2.0 2.0 0.080
2 1 1.600000000e+00 -30.662255 60.270270
0 1 1 0.0 0.0
53.000000 51.000000 -118.108108 -121.351351 0.000000 40.000000

mayhew north america equal area proxy source 910
10.000000 -175.000000 2.000000 2.000000 400.000000 36 66
1 1 1 1
0.1 1.50 -2.0 2.0 0.080
2 1 1.600000000e+00 -30.662255 63.513514
0 1 1 0.0 0.0
53.000000 51.000000 -114.864865 -118.108108 0.000000 40.000000

mayhew north america equal area proxy source 911
10.000000 -175.000000 2.000000 2.000000 400.000000 36 66
1 1 1 1
0.1 1.50 -2.0 2.0 0.080
2 1 1.600000000e+00 -30.662255 66.756757
0 1 1 0.0 0.0
53.000000 51.000000 -111.621622 -114.864865 0.000000 40.000000

mayhew north america equal area proxy source 912
10.000000 -175.000000 2.000000 2.000000 400.000000 36 66
1 1 1 1
0.1 1.50 -2.0 2.0 0.080
2 1 1.600000000e+00 -30.662255 70.000000
0 1 1 0.0 0.0
53.000000 51.000000 -108.378378 -111.621622 0.000000 40.000000

mayhew north america equal area proxy source 913
10.000000 -175.000000 2.000000 2.000000 400.000000 36 66
1 1 1 1
0.1 1.50 -2.0 2.0 0.080
2 1 2.500000000e+00 -30.662255 73.243243
0 1 1 0.0 0.0
53.000000 51.000000 -105.135135 -108.378378 0.000000 40.000000

mayhew north america equal area proxy source 914
10.000000 -175.000000 2.000000 2.000000 400.000000 36 66
1 1 1 1
0.1 1.50 -2.0 2.0 0.080
2 1 2.500000000e+00 -30.662255 76.486486
0 1 1 0.0 0.0
53.000000 51.000000 -101.891892 -105.135135 0.000000 40.000000

mayhew north america equal area proxy source 915
10.000000 -175.000000 2.000000 2.000000 400.000000 36 66
1 1 1 1
0.1 1.50 -2.0 2.0 0.080
2 1 2.500000000e+00 -30.662255 79.729730
0 1 1 0.0 0.0
53.000000 51.000000 -98.648649 -101.891892 0.000000 40.000000

mayhew north america equal area proxy source 916
10.000000 -175.000000 2.000000 2.000000 400.000000 36 66
1 1 1 1
0.1 1.50 -2.0 2.0 0.080
2 1 2.500000000e+00 -30.662255 82.972973
0 1 1 0.0 0.0
53.000000 51.000000 -95.405405 -98.648649 0.000000 40.000000

mayhew north america equal area proxy source 917
10.000000 -175.000000 2.000000 2.000000 400.000000 36 66
1 1 1 1
0.1 1.50 -2.0 2.0 0.080
2 1 2.500000000e+00 -30.662255 86.216216
0 1 1 0.0 0.0
53.000000 51.000000 -92.162162 -95.405405 0.000000 40.000000

mayhew north america equal area proxy source 918
10.000000 -175.000000 2.000000 2.000000 400.000000 36 66
1 1 1 1
0.1 1.50 -2.0 2.0 0.080
2 1 2.500000000e+00 -30.662255 89.459459
0 1 1 0.0 0.0
53.000000 51.000000 -88.918919 -92.162162 0.000000 40.000000

mayhew north america equal area proxy source 919
10.000000 -175.000000 2.000000 2.000000 400.000000 36 66
1 1 1 1
0.1 1.50 -2.0 2.0 0.080
2 1 2.500000000e+00 -30.662255 92.702703
0 1 1 0.0 0.0
53.000000 51.000000 -85.675676 -88.918919 0.000000 40.000000

mayhew north america equal area proxy source 920
10.000000 -175.000000 2.000000 2.000000 400.000000 36 66
1 1 1 1
0.1 1.50 -2.0 2.0 0.080
2 1 2.500000000e+00 -30.662255 95.945946
0 1 1 0.0 0.0
53.000000 51.000000 -82.432432 -85.675676 0.000000 40.000000

mayhew north america equal area proxy source 921
10.000000 -175.000000 2.000000 2.000000 400.000000 36 66
1 1 1 1
0.1 1.50 -2.0 2.0 0.080
2 1 2.500000000e+00 -30.662255 99.189189
0 1 1 0.0 0.0
53.000000 51.000000 -79.189189 -82.432432 0.000000 40.000000

mayhew north america equal area proxy source 922
10.000000 -175.000000 2.000000 2.000000 400.000000 36 66
1 1 1 1
0.1 1.50 -2.0 2.0 0.080
2 1 2.500000000e+00 -30.662255 102.432432
0 1 1 0.0 0.0
53.000000 51.000000 -75.945946 -79.189189 0.000000 40.000000

mayhew north america equal area proxy source 923
10.000000 -175.000000 2.000000 2.000000 400.000000 36 66
1 1 1 1
0.1 1.50 -2.0 2.0 0.080
2 1 1.600000000e+00 -30.662255 105.675676
0 1 1 0.0 0.0
53.000000 51.000000 -72.702703 -75.945946 0.000000 40.000000

mayhew north america equal area proxy source 924
10.000000 -175.000000 2.000000 2.000000 400.000000 36 66
1 1 1 1
0.1 1.50 -2.0 2.0 0.080
2 1 1.600000000e+00 -30.662255 108.918919
0 1 1 0.0 0.0
53.000000 51.000000 -69.459459 -72.702703 0.000000 40.000000

mayhew north america equal area proxy source 925
10.000000 -175.000000 2.000000 2.000000 400.000000 36 66
1 1 1 1
0.1 1.50 -2.0 2.0 0.080
2 1 1.600000000e+00 -30.662255 112.162162
0 1 1 0.0 0.0
53.000000 51.000000 -66.216216 -69.459459 0.000000 40.000000

mayhew north america equal area proxy source 926
10.000000 -175.000000 2.000000 2.000000 400.000000 36 66
1 1 1 1
0.1 1.50 -2.0 2.0 0.080
2 1 1.600000000e+00 -30.662255 115.405405
0 1 1 0.0 0.0
53.000000 51.000000 -62.972973 -66.216216 0.000000 40.000000

mayhew north america equal area proxy source 927
10.000000 -175.000000 2.000000 2.000000 400.000000 36 66
1 1 1 1
0.1 1.50 -2.0 2.0 0.080
2 1 1.600000000e+00 -30.662255 118.648649
0 1 1 0.0 0.0
53.000000 51.000000 -59.729730 -62.972973 0.000000 40.000000

mayhew north america equal area proxy source 928
10.000000 -175.000000 2.000000 2.000000 400.000000 36 66
1 1 1 1
0.1 1.50 -2.0 2.0 0.080
2 1 1.600000000e+00 -30.662255 121.891892
0 1 1 0.0 0.0
53.000000 51.000000 -56.486486 -59.729730 0.000000 40.000000

mayhew north america equal area proxy source 929
10.000000 -175.000000 2.000000 2.000000 400.000000 36 66
1 1 1 1
0.1 1.50 -2.0 2.0 0.080
2 1 7.500000000e-01 -30.662255 125.135135
0 1 1 0.0 0.0
53.000000 51.000000 -53.243243 -56.486486 0.000000 40.000000

mayhew north america equal area proxy source 930
10.000000 -175.000000 2.000000 2.000000 400.000000 36 66
1 1 1 1
0.1 1.50 -2.0 2.0 0.080
2 1 7.500000000e-01 -30.662255 128.378378
0 1 1 0.0 0.0
53.000000 51.000000 -50.000000 -53.243243 0.000000 40.000000

mayhew north america equal area proxy source 931
10.000000 -175.000000 2.000000 2.000000 400.000000 36 66
1 1 1 1
0.1 1.50 -2.0 2.0 0.080
2 1 7.500000000e-01 -34.035371 11.714286
0 1 1 0.0 0.0
55.000000 53.000000 -166.571429 -170.000000 0.000000 40.000000

mayhew north america equal area proxy source 932
10.000000 -175.000000 2.000000 2.000000 400.000000 36 66
1 1 1 1
0.1 1.50 -2.0 2.0 0.080
2 1 7.500000000e-01 -34.035371 15.142857
0 1 1 0.0 0.0
55.000000 53.000000 -163.142857 -166.571429 0.000000 40.000000

mayhew north america equal area proxy source 933
10.000000 -175.000000 2.000000 2.000000 400.000000 36 66
1 1 1 1
0.1 1.50 -2.0 2.0 0.080
2 1 7.500000000e-01 -34.035371 18.571429
0 1 1 0.0 0.0
55.000000 53.000000 -159.714286 -163.142857 0.000000 40.000000

mayhew north america equal area proxy source 934
10.000000 -175.000000 2.000000 2.000000 400.000000 36 66
1 1 1 1
0.1 1.50 -2.0 2.0 0.080
2 1 7.500000000e-01 -34.035371 22.000000
0 1 1 0.0 0.0
55.000000 53.000000 -156.285714 -159.714286 0.000000 40.000000

mayhew north america equal area proxy source 935
10.000000 -175.000000 2.000000 2.000000 400.000000 36 66
1 1 1 1
0.1 1.50 -2.0 2.0 0.080
2 1 7.500000000e-01 -34.035371 25.428571
0 1 1 0.0 0.0
55.000000 53.000000 -152.857143 -156.285714 0.000000 40.000000

mayhew north america equal area proxy source 936
10.000000 -175.000000 2.000000 2.000000 400.000000 36 66
1 1 1 1
0.1 1.50 -2.0 2.0 0.080
2 1 7.500000000e-01 -34.035371 28.857143
0 1 1 0.0 0.0
55.000000 53.000000 -149.428571 -152.857143 0.000000 40.000000

mayhew north america equal area proxy source 937
10.000000 -175.000000 2.000000 2.000000 400.000000 36 66
1 1 1 1
0.1 1.50 -2.0 2.0 0.080
2 1 7.500000000e-01 -34.035371 32.285714
0 1 1 0.0 0.0
55.000000 53.000000 -146.000000 -149.428571 0.000000 40.000000

mayhew north america equal area proxy source 938
10.000000 -175.000000 2.000000 2.000000 400.000000 36 66
1 1 1 1
0.1 1.50 -2.0 2.0 0.080
2 1 7.500000000e-01 -34.035371 35.714286
0 1 1 0.0 0.0
55.000000 53.000000 -142.571429 -146.000000 0.000000 40.000000

mayhew north america equal area proxy source 939
10.000000 -175.000000 2.000000 2.000000 400.000000 36 66
1 1 1 1
0.1 1.50 -2.0 2.0 0.080
2 1 7.500000000e-01 -34.035371 39.142857
0 1 1 0.0 0.0
55.000000 53.000000 -139.142857 -142.571429 0.000000 40.000000

mayhew north america equal area proxy source 940
10.000000 -175.000000 2.000000 2.000000 400.000000 36 66
1 1 1 1
0.1 1.50 -2.0 2.0 0.080
2 1 7.500000000e-01 -34.035371 42.571429
0 1 1 0.0 0.0
55.000000 53.000000 -135.714286 -139.142857 0.000000 40.000000

mayhew north america equal area proxy source 941
10.000000 -175.000000 2.000000 2.000000 400.000000 36 66
1 1 1 1
0.1 1.50 -2.0 2.0 0.080
2 1 7.500000000e-01 -34.035371 46.000000
0 1 1 0.0 0.0
55.000000 53.000000 -132.285714 -135.714286 0.000000 40.000000

mayhew north america equal area proxy source 942
10.000000 -175.000000 2.000000 2.000000 400.000000 36 66
1 1 1 1
0.1 1.50 -2.0 2.0 0.080
2 1 7.500000000e-01 -34.035371 49.428571
0 1 1 0.0 0.0
55.000000 53.000000 -128.857143 -132.285714 0.000000 40.000000

mayhew north america equal area proxy source 943
10.000000 -175.000000 2.000000 2.000000 400.000000 36 66
1 1 1 1
0.1 1.50 -2.0 2.0 0.080
2 1 7.500000000e-01 -34.035371 52.857143
0 1 1 0.0 0.0
55.000000 53.000000 -125.428571 -128.857143 0.000000 40.000000

mayhew north america equal area proxy source 944
10.000000 -175.000000 2.000000 2.000000 400.000000 36 66
1 1 1 1
0.1 1.50 -2.0 2.0 0.080
2 1 1.600000000e+00 -34.035371 56.285714
0 1 1 0.0 0.0
55.000000 53.000000 -122.000000 -125.428571 0.000000 40.000000

mayhew north america equal area proxy source 945
10.000000 -175.000000 2.000000 2.000000 400.000000 36 66
1 1 1 1
0.1 1.50 -2.0 2.0 0.080
2 1 1.600000000e+00 -34.035371 59.714286
0 1 1 0.0 0.0
55.000000 53.000000 -118.571429 -122.000000 0.000000 40.000000

mayhew north america equal area proxy source 946
10.000000 -175.000000 2.000000 2.000000 400.000000 36 66
1 1 1 1
0.1 1.50 -2.0 2.0 0.080
2 1 1.600000000e+00 -34.035371 63.142857
0 1 1 0.0 0.0
55.000000 53.000000 -115.142857 -118.571429 0.000000 40.000000

mayhew north america equal area proxy source 947
10.000000 -175.000000 2.000000 2.000000 400.000000 36 66
1 1 1 1
0.1 1.50 -2.0 2.0 0.080
2 1 1.600000000e+00 -34.035371 66.571429
0 1 1 0.0 0.0
55.000000 53.000000 -111.714286 -115.142857 0.000000 40.000000

mayhew north america equal area proxy source 948
10.000000 -175.000000 2.000000 2.000000 400.000000 36 66
1 1 1 1
0.1 1.50 -2.0 2.0 0.080
2 1 1.600000000e+00 -34.035371 70.000000
0 1 1 0.0 0.0
55.000000 53.000000 -108.285714 -111.714286 0.000000 40.000000

mayhew north america equal area proxy source 949
10.000000 -175.000000 2.000000 2.000000 400.000000 36 66
1 1 1 1
0.1 1.50 -2.0 2.0 0.080
2 1 2.500000000e+00 -34.035371 73.428571
0 1 1 0.0 0.0
55.000000 53.000000 -104.857143 -108.285714 0.000000 40.000000

mayhew north america equal area proxy source 950
10.000000 -175.000000 2.000000 2.000000 400.000000 36 66
1 1 1 1
0.1 1.50 -2.0 2.0 0.080
2 1 2.500000000e+00 -34.035371 76.857143
0 1 1 0.0 0.0
55.000000 53.000000 -101.428571 -104.857143 0.000000 40.000000

mayhew north america equal area proxy source 951
10.000000 -175.000000 2.000000 2.000000 400.000000 36 66
1 1 1 1
0.1 1.50 -2.0 2.0 0.080
2 1 2.500000000e+00 -34.035371 80.285714
0 1 1 0.0 0.0
55.000000 53.000000 -98.000000 -101.428571 0.000000 40.000000

mayhew north america equal area proxy source 952
10.000000 -175.000000 2.000000 2.000000 400.000000 36 66
1 1 1 1
0.1 1.50 -2.0 2.0 0.080
2 1 2.500000000e+00 -34.035371 83.714286
0 1 1 0.0 0.0
55.000000 53.000000 -94.571429 -98.000000 0.000000 40.000000

mayhew north america equal area proxy source 953
10.000000 -175.000000 2.000000 2.000000 400.000000 36 66
1 1 1 1
0.1 1.50 -2.0 2.0 0.080
2 1 2.500000000e+00 -34.035371 87.142857
0 1 1 0.0 0.0
55.000000 53.000000 -91.142857 -94.571429 0.000000 40.000000

mayhew north america equal area proxy source 954
10.000000 -175.000000 2.000000 2.000000 400.000000 36 66
1 1 1 1
0.1 1.50 -2.0 2.0 0.080
2 1 2.500000000e+00 -34.035371 90.571429
0 1 1 0.0 0.0
55.000000 53.000000 -87.714286 -91.142857 0.000000 40.000000

mayhew north america equal area proxy source 955
10.000000 -175.000000 2.000000 2.000000 400.000000 36 66
1 1 1 1
0.1 1.50 -2.0 2.0 0.080
2 1 2.500000000e+00 -34.035371 94.000000
0 1 1 0.0 0.0
55.000000 53.000000 -84.285714 -87.714286 0.000000 40.000000

mayhew north america equal area proxy source 956
10.000000 -175.000000 2.000000 2.000000 400.000000 36 66
1 1 1 1
0.1 1.50 -2.0 2.0 0.080
2 1 2.500000000e+00 -34.035371 97.428571
0 1 1 0.0 0.0
55.000000 53.000000 -80.857143 -84.285714 0.000000 40.000000

mayhew north america equal area proxy source 957
10.000000 -175.000000 2.000000 2.000000 400.000000 36 66
1 1 1 1
0.1 1.50 -2.0 2.0 0.080
2 1 2.500000000e+00 -34.035371 100.857143
0 1 1 0.0 0.0
55.000000 53.000000 -77.428571 -80.857143 0.000000 40.000000

mayhew north america equal area proxy source 958
10.000000 -175.000000 2.000000 2.000000 400.000000 36 66
1 1 1 1
0.1 1.50 -2.0 2.0 0.080
2 1 1.600000000e+00 -34.035371 104.285714
0 1 1 0.0 0.0
55.000000 53.000000 -74.000000 -77.428571 0.000000 40.000000

mayhew north america equal area proxy source 959
10.000000 -175.000000 2.000000 2.000000 400.000000 36 66
1 1 1 1
0.1 1.50 -2.0 2.0 0.080
2 1 1.600000000e+00 -34.035371 107.714286
0 1 1 0.0 0.0
55.000000 53.000000 -70.571429 -74.000000 0.000000 40.000000

mayhew north america equal area proxy source 960
10.000000 -175.000000 2.000000 2.000000 400.000000 36 66
1 1 1 1
0.1 1.50 -2.0 2.0 0.080
2 1 1.600000000e+00 -34.035371 111.142857
0 1 1 0.0 0.0
55.000000 53.000000 -67.142857 -70.571429 0.000000 40.000000

mayhew north america equal area proxy source 961
10.000000 -175.000000 2.000000 2.000000 400.000000 36 66
1 1 1 1
0.1 1.50 -2.0 2.0 0.080
2 1 1.600000000e+00 -34.035371 114.571429
0 1 1 0.0 0.0
55.000000 53.000000 -63.714286 -67.142857 0.000000 40.000000

mayhew north america equal area proxy source 962
10.000000 -175.000000 2.000000 2.000000 400.000000 36 66
1 1 1 1
0.1 1.50 -2.0 2.0 0.080
2 1 1.600000000e+00 -34.035371 118.000000
0 1 1 0.0 0.0
55.000000 53.000000 -60.285714 -63.714286 0.000000 40.000000

mayhew north america equal area proxy source 963
10.000000 -175.000000 2.000000 2.000000 400.000000 36 66
1 1 1 1
0.1 1.50 -2.0 2.0 0.080
2 1 1.600000000e+00 -34.035371 121.428571
0 1 1 0.0 0.0
55.000000 53.000000 -56.857143 -60.285714 0.000000 40.000000

mayhew north america equal area proxy source 964
10.000000 -175.000000 2.000000 2.000000 400.000000 36 66
1 1 1 1
0.1 1.50 -2.0 2.0 0.080
2 1 1.600000000e+00 -34.035371 124.857143
0 1 1 0.0 0.0
55.000000 53.000000 -53.428571 -56.857143 0.000000 40.000000

mayhew north america equal area proxy source 965
10.000000 -175.000000 2.000000 2.000000 400.000000 36 66
1 1 1 1
0.1 1.50 -2.0 2.0 0.080
2 1 7.500000000e-01 -34.035371 128.285714
0 1 1 0.0 0.0
55.000000 53.000000 -50.000000 -53.428571 0.000000 40.000000

mayhew north america equal area proxy source 966
10.000000 -175.000000 2.000000 2.000000 400.000000 36 66
1 1 1 1
0.1 1.50 -2.0 2.0 0.080
2 1 7.500000000e-01 -37.363102 11.764706
0 1 1 0.0 0.0
57.000000 55.000000 -166.470588 -170.000000 0.000000 40.000000

mayhew north america equal area proxy source 967
10.000000 -175.000000 2.000000 2.000000 400.000000 36 66
1 1 1 1
0.1 1.50 -2.0 2.0 0.080
2 1 7.500000000e-01 -37.363102 15.294118
0 1 1 0.0 0.0
57.000000 55.000000 -162.941176 -166.470588 0.000000 40.000000

mayhew north america equal area proxy source 968
10.000000 -175.000000 2.000000 2.000000 400.000000 36 66
1 1 1 1
0.1 1.50 -2.0 2.0 0.080
2 1 7.500000000e-01 -37.363102 18.823529
0 1 1 0.0 0.0
57.000000 55.000000 -159.411765 -162.941176 0.000000 40.000000

mayhew north america equal area proxy source 969
10.000000 -175.000000 2.000000 2.000000 400.000000 36 66
1 1 1 1
0.1 1.50 -2.0 2.0 0.080
2 1 7.500000000e-01 -37.363102 22.352941
0 1 1 0.0 0.0
57.000000 55.000000 -155.882353 -159.411765 0.000000 40.000000

mayhew north america equal area proxy source 970
10.000000 -175.000000 2.000000 2.000000 400.000000 36 66
1 1 1 1
0.1 1.50 -2.0 2.0 0.080
2 1 7.500000000e-01 -37.363102 25.882353
0 1 1 0.0 0.0
57.000000 55.000000 -152.352941 -155.882353 0.000000 40.000000

mayhew north america equal area proxy source 971
10.000000 -175.000000 2.000000 2.000000 400.000000 36 66
1 1 1 1
0.1 1.50 -2.0 2.0 0.080
2 1 7.500000000e-01 -37.363102 29.411765
0 1 1 0.0 0.0
57.000000 55.000000 -148.823529 -152.352941 0.000000 40.000000

mayhew north america equal area proxy source 972
10.000000 -175.000000 2.000000 2.000000 400.000000 36 66
1 1 1 1
0.1 1.50 -2.0 2.0 0.080
2 1 7.500000000e-01 -37.363102 32.941176
0 1 1 0.0 0.0
57.000000 55.000000 -145.294118 -148.823529 0.000000 40.000000

mayhew north america equal area proxy source 973
10.000000 -175.000000 2.000000 2.000000 400.000000 36 66
1 1 1 1
0.1 1.50 -2.0 2.0 0.080
2 1 7.500000000e-01 -37.363102 36.470588
0 1 1 0.0 0.0
57.000000 55.000000 -141.764706 -145.294118 0.000000 40.000000

mayhew north america equal area proxy source 974
10.000000 -175.000000 2.000000 2.000000 400.000000 36 66
1 1 1 1
0.1 1.50 -2.0 2.0 0.080
2 1 7.500000000e-01 -37.363102 40.000000
0 1 1 0.0 0.0
57.000000 55.000000 -138.235294 -141.764706 0.000000 40.000000

mayhew north america equal area proxy source 975
10.000000 -175.000000 2.000000 2.000000 400.000000 36 66
1 1 1 1
0.1 1.50 -2.0 2.0 0.080
2 1 7.500000000e-01 -37.363102 43.529412
0 1 1 0.0 0.0
57.000000 55.000000 -134.705882 -138.235294 0.000000 40.000000

mayhew north america equal area proxy source 976
10.000000 -175.000000 2.000000 2.000000 400.000000 36 66
1 1 1 1
0.1 1.50 -2.0 2.0 0.080
2 1 7.500000000e-01 -37.363102 47.058824
0 1 1 0.0 0.0
57.000000 55.000000 -131.176471 -134.705882 0.000000 40.000000

mayhew north america equal area proxy source 977
10.000000 -175.000000 2.000000 2.000000 400.000000 36 66
1 1 1 1
0.1 1.50 -2.0 2.0 0.080
2 1 7.500000000e-01 -37.363102 50.588235
0 1 1 0.0 0.0
57.000000 55.000000 -127.647059 -131.176471 0.000000 40.000000

mayhew north america equal area proxy source 978
10.000000 -175.000000 2.000000 2.000000 400.000000 36 66
1 1 1 1
0.1 1.50 -2.0 2.0 0.080
2 1 7.500000000e-01 -37.363102 54.117647
0 1 1 0.0 0.0
57.000000 55.000000 -124.117647 -127.647059 0.000000 40.000000

mayhew north america equal area proxy source 979
10.000000 -175.000000 2.000000 2.000000 400.000000 36 66
1 1 1 1
0.1 1.50 -2.0 2.0 0.080
2 1 1.600000000e+00 -37.363102 57.647059
0 1 1 0.0 0.0
57.000000 55.000000 -120.588235 -124.117647 0.000000 40.000000

mayhew north america equal area proxy source 980
10.000000 -175.000000 2.000000 2.000000 400.000000 36 66
1 1 1 1
0.1 1.50 -2.0 2.0 0.080
2 1 1.600000000e+00 -37.363102 61.176471
0 1 1 0.0 0.0
57.000000 55.000000 -117.058824 -120.588235 0.000000 40.000000

mayhew north america equal area proxy source 981
10.000000 -175.000000 2.000000 2.000000 400.000000 36 66
1 1 1 1
0.1 1.50 -2.0 2.0 0.080
2 1 1.600000000e+00 -37.363102 64.705882
0 1 1 0.0 0.0
57.000000 55.000000 -113.529412 -117.058824 0.000000 40.000000

mayhew north america equal area proxy source 982
10.000000 -175.000000 2.000000 2.000000 400.000000 36 66
1 1 1 1
0.1 1.50 -2.0 2.0 0.080
2 1 1.600000000e+00 -37.363102 68.235294
0 1 1 0.0 0.0
57.000000 55.000000 -110.000000 -113.529412 0.000000 40.000000

mayhew north america equal area proxy source 983
10.000000 -175.000000 2.000000 2.000000 400.000000 36 66
1 1 1 1
0.1 1.50 -2.0 2.0 0.080
2 1 1.600000000e+00 -37.363102 71.764706
0 1 1 0.0 0.0
57.000000 55.000000 -106.470588 -110.000000 0.000000 40.000000

mayhew north america equal area proxy source 984
10.000000 -175.000000 2.000000 2.000000 400.000000 36 66
1 1 1 1
0.1 1.50 -2.0 2.0 0.080
2 1 2.500000000e+00 -37.363102 75.294118
0 1 1 0.0 0.0
57.000000 55.000000 -102.941176 -106.470588 0.000000 40.000000

mayhew north america equal area proxy source 985
10.000000 -175.000000 2.000000 2.000000 400.000000 36 66
1 1 1 1
0.1 1.50 -2.0 2.0 0.080
2 1 2.500000000e+00 -37.363102 78.823529
0 1 1 0.0 0.0
57.000000 55.000000 -99.411765 -102.941176 0.000000 40.000000

mayhew north america equal area proxy source 986
10.000000 -175.000000 2.000000 2.000000 400.000000 36 66
1 1 1 1
0.1 1.50 -2.0 2.0 0.080
2 1 2.500000000e+00 -37.363102 82.352941
0 1 1 0.0 0.0
57.000000 55.000000 -95.882353 -99.411765 0.000000 40.000000

mayhew north america equal area proxy source 987
10.000000 -175.000000 2.000000 2.000000 400.000000 36 66
1 1 1 1
0.1 1.50 -2.0 2.0 0.080
2 1 2.500000000e+00 -37.363102 85.882353
0 1 1 0.0 0.0
57.000000 55.000000 -92.352941 -95.882353 0.000000 40.000000

mayhew north america equal area proxy source 988
10.000000 -175.000000 2.000000 2.000000 400.000000 36 66
1 1 1 1
0.1 1.50 -2.0 2.0 0.080
2 1 2.500000000e+00 -37.363102 89.411765
0 1 1 0.0 0.0
57.000000 55.000000 -88.823529 -92.352941 0.000000 40.000000

mayhew north america equal area proxy source 989
10.000000 -175.000000 2.000000 2.000000 400.000000 36 66
1 1 1 1
0.1 1.50 -2.0 2.0 0.080
2 1 2.500000000e+00 -37.363102 92.941176
0 1 1 0.0 0.0
57.000000 55.000000 -85.294118 -88.823529 0.000000 40.000000

mayhew north america equal area proxy source 990
10.000000 -175.000000 2.000000 2.000000 400.000000 36 66
1 1 1 1
0.1 1.50 -2.0 2.0 0.080
2 1 2.500000000e+00 -37.363102 96.470588
0 1 1 0.0 0.0
57.000000 55.000000 -81.764706 -85.294118 0.000000 40.000000

mayhew north america equal area proxy source 991
10.000000 -175.000000 2.000000 2.000000 400.000000 36 66
1 1 1 1
0.1 1.50 -2.0 2.0 0.080
2 1 2.500000000e+00 -37.363102 100.000000
0 1 1 0.0 0.0
57.000000 55.000000 -78.235294 -81.764706 0.000000 40.000000

mayhew north america equal area proxy source 992
10.000000 -175.000000 2.000000 2.000000 400.000000 36 66
1 1 1 1
0.1 1.50 -2.0 2.0 0.080
2 1 2.500000000e+00 -37.363102 103.529412
0 1 1 0.0 0.0
57.000000 55.000000 -74.705882 -78.235294 0.000000 40.000000

mayhew north america equal area proxy source 993
10.000000 -175.000000 2.000000 2.000000 400.000000 36 66
1 1 1 1
0.1 1.50 -2.0 2.0 0.080
2 1 1.600000000e+00 -37.363102 107.058824
0 1 1 0.0 0.0
57.000000 55.000000 -71.176471 -74.705882 0.000000 40.000000

mayhew north america equal area proxy source 994
10.000000 -175.000000 2.000000 2.000000 400.000000 36 66
1 1 1 1
0.1 1.50 -2.0 2.0 0.080
2 1 1.600000000e+00 -37.363102 110.588235
0 1 1 0.0 0.0
57.000000 55.000000 -67.647059 -71.176471 0.000000 40.000000

mayhew north america equal area proxy source 995
10.000000 -175.000000 2.000000 2.000000 400.000000 36 66
1 1 1 1
0.1 1.50 -2.0 2.0 0.080
2 1 1.600000000e+00 -37.363102 114.117647
0 1 1 0.0 0.0
57.000000 55.000000 -64.117647 -67.647059 0.000000 40.000000

mayhew north america equal area proxy source 996
10.000000 -175.000000 2.000000 2.000000 400.000000 36 66
1 1 1 1
0.1 1.50 -2.0 2.0 0.080
2 1 1.600000000e+00 -37.363102 117.647059
0 1 1 0.0 0.0
57.000000 55.000000 -60.588235 -64.117647 0.000000 40.000000

mayhew north america equal area proxy source 997
10.000000 -175.000000 2.000000 2.000000 400.000000 36 66
1 1 1 1
0.1 1.50 -2.0 2.0 0.080
2 1 1.600000000e+00 -37.363102 121.176471
0 1 1 0.0 0.0
57.000000 55.000000 -57.058824 -60.588235 0.000000 40.000000

mayhew north america equal area proxy source 998
10.000000 -175.000000 2.000000 2.000000 400.000000 36 66
1 1 1 1
0.1 1.50 -2.0 2.0 0.080
2 1 1.600000000e+00 -37.363102 124.705882
0 1 1 0.0 0.0
57.000000 55.000000 -53.529412 -57.058824 0.000000 40.000000

mayhew north america equal area proxy source 999
10.000000 -175.000000 2.000000 2.000000 400.000000 36 66
1 1 1 1
0.1 1.50 -2.0 2.0 0.080
2 1 7.500000000e-01 -37.363102 128.235294
0 1 1 0.0 0.0
57.000000 55.000000 -50.000000 -53.529412 0.000000 40.000000

mayhew north america equal area proxy source 1000
10.000000 -175.000000 2.000000 2.000000 400.000000 36 66
1 1 1 1
0.1 1.50 -2.0 2.0 0.080
2 1 7.500000000e-01 -40.649385 11.875000
0 1 1 0.0 0.0
59.000000 57.000000 -166.250000 -170.000000 0.000000 40.000000

mayhew north america equal area proxy source 1001
10.000000 -175.000000 2.000000 2.000000 400.000000 36 66
1 1 1 1
0.1 1.50 -2.0 2.0 0.080
2 1 7.500000000e-01 -40.649385 15.625000
0 1 1 0.0 0.0
59.000000 57.000000 -162.500000 -166.250000 0.000000 40.000000

mayhew north america equal area proxy source 1002
10.000000 -175.000000 2.000000 2.000000 400.000000 36 66
1 1 1 1
0.1 1.50 -2.0 2.0 0.080
2 1 7.500000000e-01 -40.649385 19.375000
0 1 1 0.0 0.0
59.000000 57.000000 -158.750000 -162.500000 0.000000 40.000000

mayhew north america equal area proxy source 1003
10.000000 -175.000000 2.000000 2.000000 400.000000 36 66
1 1 1 1
0.1 1.50 -2.0 2.0 0.080
2 1 7.500000000e-01 -40.649385 23.125000
0 1 1 0.0 0.0
59.000000 57.000000 -155.000000 -158.750000 0.000000 40.000000

mayhew north america equal area proxy source 1004
10.000000 -175.000000 2.000000 2.000000 400.000000 36 66
1 1 1 1
0.1 1.50 -2.0 2.0 0.080
2 1 7.500000000e-01 -40.649385 26.875000
0 1 1 0.0 0.0
59.000000 57.000000 -151.250000 -155.000000 0.000000 40.000000

mayhew north america equal area proxy source 1005
10.000000 -175.000000 2.000000 2.000000 400.000000 36 66
1 1 1 1
0.1 1.50 -2.0 2.0 0.080
2 1 7.500000000e-01 -40.649385 30.625000
0 1 1 0.0 0.0
59.000000 57.000000 -147.500000 -151.250000 0.000000 40.000000

mayhew north america equal area proxy source 1006
10.000000 -175.000000 2.000000 2.000000 400.000000 36 66
1 1 1 1
0.1 1.50 -2.0 2.0 0.080
2 1 7.500000000e-01 -40.649385 34.375000
0 1 1 0.0 0.0
59.000000 57.000000 -143.750000 -147.500000 0.000000 40.000000

mayhew north america equal area proxy source 1007
10.000000 -175.000000 2.000000 2.000000 400.000000 36 66
1 1 1 1
0.1 1.50 -2.0 2.0 0.080
2 1 7.500000000e-01 -40.649385 38.125000
0 1 1 0.0 0.0
59.000000 57.000000 -140.000000 -143.750000 0.000000 40.000000

mayhew north america equal area proxy source 1008
10.000000 -175.000000 2.000000 2.000000 400.000000 36 66
1 1 1 1
0.1 1.50 -2.0 2.0 0.080
2 1 7.500000000e-01 -40.649385 41.875000
0 1 1 0.0 0.0
59.000000 57.000000 -136.250000 -140.000000 0.000000 40.000000

mayhew north america equal area proxy source 1009
10.000000 -175.000000 2.000000 2.000000 400.000000 36 66
1 1 1 1
0.1 1.50 -2.0 2.0 0.080
2 1 7.500000000e-01 -40.649385 45.625000
0 1 1 0.0 0.0
59.000000 57.000000 -132.500000 -136.250000 0.000000 40.000000

mayhew north america equal area proxy source 1010
10.000000 -175.000000 2.000000 2.000000 400.000000 36 66
1 1 1 1
0.1 1.50 -2.0 2.0 0.080
2 1 7.500000000e-01 -40.649385 49.375000
0 1 1 0.0 0.0
59.000000 57.000000 -128.750000 -132.500000 0.000000 40.000000

mayhew north america equal area proxy source 1011
10.000000 -175.000000 2.000000 2.000000 400.000000 36 66
1 1 1 1
0.1 1.50 -2.0 2.0 0.080
2 1 7.500000000e-01 -40.649385 53.125000
0 1 1 0.0 0.0
59.000000 57.000000 -125.000000 -128.750000 0.000000 40.000000

mayhew north america equal area proxy source 1012
10.000000 -175.000000 2.000000 2.000000 400.000000 36 66
1 1 1 1
0.1 1.50 -2.0 2.0 0.080
2 1 1.600000000e+00 -40.649385 56.875000
0 1 1 0.0 0.0
59.000000 57.000000 -121.250000 -125.000000 0.000000 40.000000

mayhew north america equal area proxy source 1013
10.000000 -175.000000 2.000000 2.000000 400.000000 36 66
1 1 1 1
0.1 1.50 -2.0 2.0 0.080
2 1 1.600000000e+00 -40.649385 60.625000
0 1 1 0.0 0.0
59.000000 57.000000 -117.500000 -121.250000 0.000000 40.000000

mayhew north america equal area proxy source 1014
10.000000 -175.000000 2.000000 2.000000 400.000000 36 66
1 1 1 1
0.1 1.50 -2.0 2.0 0.080
2 1 1.600000000e+00 -40.649385 64.375000
0 1 1 0.0 0.0
59.000000 57.000000 -113.750000 -117.500000 0.000000 40.000000

mayhew north america equal area proxy source 1015
10.000000 -175.000000 2.000000 2.000000 400.000000 36 66
1 1 1 1
0.1 1.50 -2.0 2.0 0.080
2 1 1.600000000e+00 -40.649385 68.125000
0 1 1 0.0 0.0
59.000000 57.000000 -110.000000 -113.750000 0.000000 40.000000

mayhew north america equal area proxy source 1016
10.000000 -175.000000 2.000000 2.000000 400.000000 36 66
1 1 1 1
0.1 1.50 -2.0 2.0 0.080
2 1 1.600000000e+00 -40.649385 71.875000
0 1 1 0.0 0.0
59.000000 57.000000 -106.250000 -110.000000 0.000000 40.000000

mayhew north america equal area proxy source 1017
10.000000 -175.000000 2.000000 2.000000 400.000000 36 66
1 1 1 1
0.1 1.50 -2.0 2.0 0.080
2 1 2.500000000e+00 -40.649385 75.625000
0 1 1 0.0 0.0
59.000000 57.000000 -102.500000 -106.250000 0.000000 40.000000

mayhew north america equal area proxy source 1018
10.000000 -175.000000 2.000000 2.000000 400.000000 36 66
1 1 1 1
0.1 1.50 -2.0 2.0 0.080
2 1 2.500000000e+00 -40.649385 79.375000
0 1 1 0.0 0.0
59.000000 57.000000 -98.750000 -102.500000 0.000000 40.000000

mayhew north america equal area proxy source 1019
10.000000 -175.000000 2.000000 2.000000 400.000000 36 66
1 1 1 1
0.1 1.50 -2.0 2.0 0.080
2 1 2.500000000e+00 -40.649385 83.125000
0 1 1 0.0 0.0
59.000000 57.000000 -95.000000 -98.750000 0.000000 40.000000

mayhew north america equal area proxy source 1020
10.000000 -175.000000 2.000000 2.000000 400.000000 36 66
1 1 1 1
0.1 1.50 -2.0 2.0 0.080
2 1 2.500000000e+00 -40.649385 86.875000
0 1 1 0.0 0.0
59.000000 57.000000 -91.250000 -95.000000 0.000000 40.000000

mayhew north america equal area proxy source 1021
10.000000 -175.000000 2.000000 2.000000 400.000000 36 66
1 1 1 1
0.1 1.50 -2.0 2.0 0.080
2 1 2.500000000e+00 -40.649385 90.625000
0 1 1 0.0 0.0
59.000000 57.000000 -87.500000 -91.250000 0.000000 40.000000

mayhew north america equal area proxy source 1022
10.000000 -175.000000 2.000000 2.000000 400.000000 36 66
1 1 1 1
0.1 1.50 -2.0 2.0 0.080
2 1 2.500000000e+00 -40.649385 94.375000
0 1 1 0.0 0.0
59.000000 57.000000 -83.750000 -87.500000 0.000000 40.000000

mayhew north america equal area proxy source 1023
10.000000 -175.000000 2.000000 2.000000 400.000000 36 66
1 1 1 1
0.1 1.50 -2.0 2.0 0.080
2 1 2.500000000e+00 -40.649385 98.125000
0 1 1 0.0 0.0
59.000000 57.000000 -80.000000 -83.750000 0.000000 40.000000

mayhew north america equal area proxy source 1024
10.000000 -175.000000 2.000000 2.000000 400.000000 36 66
1 1 1 1
0.1 1.50 -2.0 2.0 0.080
2 1 2.500000000e+00 -40.649385 101.875000
0 1 1 0.0 0.0
59.000000 57.000000 -76.250000 -80.000000 0.000000 40.000000

mayhew north america equal area proxy source 1025
10.000000 -175.000000 2.000000 2.000000 400.000000 36 66
1 1 1 1
0.1 1.50 -2.0 2.0 0.080
2 1 1.600000000e+00 -40.649385 105.625000
0 1 1 0.0 0.0
59.000000 57.000000 -72.500000 -76.250000 0.000000 40.000000

mayhew north america equal area proxy source 1026
10.000000 -175.000000 2.000000 2.000000 400.000000 36 66
1 1 1 1
0.1 1.50 -2.0 2.0 0.080
2 1 1.600000000e+00 -40.649385 109.375000
0 1 1 0.0 0.0
59.000000 57.000000 -68.750000 -72.500000 0.000000 40.000000

mayhew north america equal area proxy source 1027
10.000000 -175.000000 2.000000 2.000000 400.000000 36 66
1 1 1 1
0.1 1.50 -2.0 2.0 0.080
2 1 1.600000000e+00 -40.649385 113.125000
0 1 1 0.0 0.0
59.000000 57.000000 -65.000000 -68.750000 0.000000 40.000000

mayhew north america equal area proxy source 1028
10.000000 -175.000000 2.000000 2.000000 400.000000 36 66
1 1 1 1
0.1 1.50 -2.0 2.0 0.080
2 1 1.600000000e+00 -40.649385 116.875000
0 1 1 0.0 0.0
59.000000 57.000000 -61.250000 -65.000000 0.000000 40.000000

mayhew north america equal area proxy source 1029
10.000000 -175.000000 2.000000 2.000000 400.000000 36 66
1 1 1 1
0.1 1.50 -2.0 2.0 0.080
2 1 1.600000000e+00 -40.649385 120.625000
0 1 1 0.0 0.0
59.000000 57.000000 -57.500000 -61.250000 0.000000 40.000000

mayhew north america equal area proxy source 1030
10.000000 -175.000000 2.000000 2.000000 400.000000 36 66
1 1 1 1
0.1 1.50 -2.0 2.0 0.080
2 1 1.600000000e+00 -40.649385 124.375000
0 1 1 0.0 0.0
59.000000 57.000000 -53.750000 -57.500000 0.000000 40.000000

mayhew north america equal area proxy source 1031
10.000000 -175.000000 2.000000 2.000000 400.000000 36 66
1 1 1 1
0.1 1.50 -2.0 2.0 0.080
2 1 7.500000000e-01 -40.649385 128.125000
0 1 1 0.0 0.0
59.000000 57.000000 -50.000000 -53.750000 0.000000 40.000000

mayhew north america equal area proxy source 1032
10.000000 -175.000000 2.000000 2.000000 400.000000 36 66
1 1 1 1
0.1 1.50 -2.0 2.0 0.080
2 1 7.500000000e-01 -43.897886 12.000000
0 1 1 0.0 0.0
61.000000 59.000000 -166.000000 -170.000000 0.000000 40.000000

mayhew north america equal area proxy source 1033
10.000000 -175.000000 2.000000 2.000000 400.000000 36 66
1 1 1 1
0.1 1.50 -2.0 2.0 0.080
2 1 7.500000000e-01 -43.897886 16.000000
0 1 1 0.0 0.0
61.000000 59.000000 -162.000000 -166.000000 0.000000 40.000000

mayhew north america equal area proxy source 1034
10.000000 -175.000000 2.000000 2.000000 400.000000 36 66
1 1 1 1
0.1 1.50 -2.0 2.0 0.080
2 1 7.500000000e-01 -43.897886 20.000000
0 1 1 0.0 0.0
61.000000 59.000000 -158.000000 -162.000000 0.000000 40.000000

mayhew north america equal area proxy source 1035
10.000000 -175.000000 2.000000 2.000000 400.000000 36 66
1 1 1 1
0.1 1.50 -2.0 2.0 0.080
2 1 7.500000000e-01 -43.897886 24.000000
0 1 1 0.0 0.0
61.000000 59.000000 -154.000000 -158.000000 0.000000 40.000000

mayhew north america equal area proxy source 1036
10.000000 -175.000000 2.000000 2.000000 400.000000 36 66
1 1 1 1
0.1 1.50 -2.0 2.0 0.080
2 1 7.500000000e-01 -43.897886 28.000000
0 1 1 0.0 0.0
61.000000 59.000000 -150.000000 -154.000000 0.000000 40.000000

mayhew north america equal area proxy source 1037
10.000000 -175.000000 2.000000 2.000000 400.000000 36 66
1 1 1 1
0.1 1.50 -2.0 2.0 0.080
2 1 7.500000000e-01 -43.897886 32.000000
0 1 1 0.0 0.0
61.000000 59.000000 -146.000000 -150.000000 0.000000 40.000000

mayhew north america equal area proxy source 1038
10.000000 -175.000000 2.000000 2.000000 400.000000 36 66
1 1 1 1
0.1 1.50 -2.0 2.0 0.080
2 1 7.500000000e-01 -43.897886 36.000000
0 1 1 0.0 0.0
61.000000 59.000000 -142.000000 -146.000000 0.000000 40.000000

mayhew north america equal area proxy source 1039
10.000000 -175.000000 2.000000 2.000000 400.000000 36 66
1 1 1 1
0.1 1.50 -2.0 2.0 0.080
2 1 7.500000000e-01 -43.897886 40.000000
0 1 1 0.0 0.0
61.000000 59.000000 -138.000000 -142.000000 0.000000 40.000000

mayhew north america equal area proxy source 1040
10.000000 -175.000000 2.000000 2.000000 400.000000 36 66
1 1 1 1
0.1 1.50 -2.0 2.0 0.080
2 1 7.500000000e-01 -43.897886 44.000000
0 1 1 0.0 0.0
61.000000 59.000000 -134.000000 -138.000000 0.000000 40.000000

mayhew north america equal area proxy source 1041
10.000000 -175.000000 2.000000 2.000000 400.000000 36 66
1 1 1 1
0.1 1.50 -2.0 2.0 0.080
2 1 7.500000000e-01 -43.897886 48.000000
0 1 1 0.0 0.0
61.000000 59.000000 -130.000000 -134.000000 0.000000 40.000000

mayhew north america equal area proxy source 1042
10.000000 -175.000000 2.000000 2.000000 400.000000 36 66
1 1 1 1
0.1 1.50 -2.0 2.0 0.080
2 1 7.500000000e-01 -43.897886 52.000000
0 1 1 0.0 0.0
61.000000 59.000000 -126.000000 -130.000000 0.000000 40.000000

mayhew north america equal area proxy source 1043
10.000000 -175.000000 2.000000 2.000000 400.000000 36 66
1 1 1 1
0.1 1.50 -2.0 2.0 0.080
2 1 1.600000000e+00 -43.897886 56.000000
0 1 1 0.0 0.0
61.000000 59.000000 -122.000000 -126.000000 0.000000 40.000000

mayhew north america equal area proxy source 1044
10.000000 -175.000000 2.000000 2.000000 400.000000 36 66
1 1 1 1
0.1 1.50 -2.0 2.0 0.080
2 1 1.600000000e+00 -43.897886 60.000000
0 1 1 0.0 0.0
61.000000 59.000000 -118.000000 -122.000000 0.000000 40.000000

mayhew north america equal area proxy source 1045
10.000000 -175.000000 2.000000 2.000000 400.000000 36 66
1 1 1 1
0.1 1.50 -2.0 2.0 0.080
2 1 1.600000000e+00 -43.897886 64.000000
0 1 1 0.0 0.0
61.000000 59.000000 -114.000000 -118.000000 0.000000 40.000000

mayhew north america equal area proxy source 1046
10.000000 -175.000000 2.000000 2.000000 400.000000 36 66
1 1 1 1
0.1 1.50 -2.0 2.0 0.080
2 1 1.600000000e+00 -43.897886 68.000000
0 1 1 0.0 0.0
61.000000 59.000000 -110.000000 -114.000000 0.000000 40.000000

mayhew north america equal area proxy source 1047
10.000000 -175.000000 2.000000 2.000000 400.000000 36 66
1 1 1 1
0.1 1.50 -2.0 2.0 0.080
2 1 2.500000000e+00 -43.897886 72.000000
0 1 1 0.0 0.0
61.000000 59.000000 -106.000000 -110.000000 0.000000 40.000000

mayhew north america equal area proxy source 1048
10.000000 -175.000000 2.000000 2.000000 400.000000 36 66
1 1 1 1
0.1 1.50 -2.0 2.0 0.080
2 1 2.500000000e+00 -43.897886 76.000000
0 1 1 0.0 0.0
61.000000 59.000000 -102.000000 -106.000000 0.000000 40.000000

mayhew north america equal area proxy source 1049
10.000000 -175.000000 2.000000 2.000000 400.000000 36 66
1 1 1 1
0.1 1.50 -2.0 2.0 0.080
2 1 2.500000000e+00 -43.897886 80.000000
0 1 1 0.0 0.0
61.000000 59.000000 -98.000000 -102.000000 0.000000 40.000000

mayhew north america equal area proxy source 1050
10.000000 -175.000000 2.000000 2.000000 400.000000 36 66
1 1 1 1
0.1 1.50 -2.0 2.0 0.080
2 1 2.500000000e+00 -43.897886 84.000000
0 1 1 0.0 0.0
61.000000 59.000000 -94.000000 -98.000000 0.000000 40.000000

mayhew north america equal area proxy source 1051
10.000000 -175.000000 2.000000 2.000000 400.000000 36 66
1 1 1 1
0.1 1.50 -2.0 2.0 0.080
2 1 2.500000000e+00 -43.897886 88.000000
0 1 1 0.0 0.0
61.000000 59.000000 -90.000000 -94.000000 0.000000 40.000000

mayhew north america equal area proxy source 1052
10.000000 -175.000000 2.000000 2.000000 400.000000 36 66
1 1 1 1
0.1 1.50 -2.0 2.0 0.080
2 1 2.500000000e+00 -43.897886 92.000000
0 1 1 0.0 0.0
61.000000 59.000000 -86.000000 -90.000000 0.000000 40.000000

mayhew north america equal area proxy source 1053
10.000000 -175.000000 2.000000 2.000000 400.000000 36 66
1 1 1 1
0.1 1.50 -2.0 2.0 0.080
2 1 2.500000000e+00 -43.897886 96.000000
0 1 1 0.0 0.0
61.000000 59.000000 -82.000000 -86.000000 0.000000 40.000000

mayhew north america equal area proxy source 1054
10.000000 -175.000000 2.000000 2.000000 400.000000 36 66
1 1 1 1
0.1 1.50 -2.0 2.0 0.080
2 1 2.500000000e+00 -43.897886 100.000000
0 1 1 0.0 0.0
61.000000 59.000000 -78.000000 -82.000000 0.000000 40.000000

mayhew north america equal area proxy source 1055
10.000000 -175.000000 2.000000 2.000000 400.000000 36 66
1 1 1 1
0.1 1.50 -2.0 2.0 0.080
2 1 2.500000000e+00 -43.897886 104.000000
0 1 1 0.0 0.0
61.000000 59.000000 -74.000000 -78.000000 0.000000 40.000000

mayhew north america equal area proxy source 1056
10.000000 -175.000000 2.000000 2.000000 400.000000 36 66
1 1 1 1
0.1 1.50 -2.0 2.0 0.080
2 1 1.600000000e+00 -43.897886 108.000000
0 1 1 0.0 0.0
61.000000 59.000000 -70.000000 -74.000000 0.000000 40.000000

mayhew north america equal area proxy source 1057
10.000000 -175.000000 2.000000 2.000000 400.000000 36 66
1 1 1 1
0.1 1.50 -2.0 2.0 0.080
2 1 1.600000000e+00 -43.897886 112.000000
0 1 1 0.0 0.0
61.000000 59.000000 -66.000000 -70.000000 0.000000 40.000000

mayhew north america equal area proxy source 1058
10.000000 -175.000000 2.000000 2.000000 400.000000 36 66
1 1 1 1
0.1 1.50 -2.0 2.0 0.080
2 1 1.600000000e+00 -43.897886 116.000000
0 1 1 0.0 0.0
61.000000 59.000000 -62.000000 -66.000000 0.000000 40.000000

mayhew north america equal area proxy source 1059
10.000000 -175.000000 2.000000 2.000000 400.000000 36 66
1 1 1 1
0.1 1.50 -2.0 2.0 0.080
2 1 1.600000000e+00 -43.897886 120.000000
0 1 1 0.0 0.0
61.000000 59.000000 -58.000000 -62.000000 0.000000 40.000000

mayhew north america equal area proxy source 1060
10.000000 -175.000000 2.000000 2.000000 400.000000 36 66
1 1 1 1
0.1 1.50 -2.0 2.0 0.080
2 1 1.600000000e+00 -43.897886 124.000000
0 1 1 0.0 0.0
61.000000 59.000000 -54.000000 -58.000000 0.000000 40.000000

mayhew north america equal area proxy source 1061
10.000000 -175.000000 2.000000 2.000000 400.000000 36 66
1 1 1 1
0.1 1.50 -2.0 2.0 0.080
2 1 7.500000000e-01 -43.897886 128.000000
0 1 1 0.0 0.0
61.000000 59.000000 -50.000000 -54.000000 0.000000 40.000000

mayhew north america equal area proxy source 1062
10.000000 -175.000000 2.000000 2.000000 400.000000 36 66
1 1 1 1
0.1 1.50 -2.0 2.0 0.080
2 1 7.500000000e-01 -47.112024 12.142857
0 1 1 0.0 0.0
63.000000 61.000000 -165.714286 -170.000000 0.000000 40.000000

mayhew north america equal area proxy source 1063
10.000000 -175.000000 2.000000 2.000000 400.000000 36 66
1 1 1 1
0.1 1.50 -2.0 2.0 0.080
2 1 7.500000000e-01 -47.112024 16.428571
0 1 1 0.0 0.0
63.000000 61.000000 -161.428571 -165.714286 0.000000 40.000000

mayhew north america equal area proxy source 1064
10.000000 -175.000000 2.000000 2.000000 400.000000 36 66
1 1 1 1
0.1 1.50 -2.0 2.0 0.080
2 1 7.500000000e-01 -47.112024 20.714286
0 1 1 0.0 0.0
63.000000 61.000000 -157.142857 -161.428571 0.000000 40.000000

mayhew north america equal area proxy source 1065
10.000000 -175.000000 2.000000 2.000000 400.000000 36 66
1 1 1 1
0.1 1.50 -2.0 2.0 0.080
2 1 7.500000000e-01 -47.112024 25.000000
0 1 1 0.0 0.0
63.000000 61.000000 -152.857143 -157.142857 0.000000 40.000000

mayhew north america equal area proxy source 1066
10.000000 -175.000000 2.000000 2.000000 400.000000 36 66
1 1 1 1
0.1 1.50 -2.0 2.0 0.080
2 1 7.500000000e-01 -47.112024 29.285714
0 1 1 0.0 0.0
63.000000 61.000000 -148.571429 -152.857143 0.000000 40.000000

mayhew north america equal area proxy source 1067
10.000000 -175.000000 2.000000 2.000000 400.000000 36 66
1 1 1 1
0.1 1.50 -2.0 2.0 0.080
2 1 7.500000000e-01 -47.112024 33.571429
0 1 1 0.0 0.0
63.000000 61.000000 -144.285714 -148.571429 0.000000 40.000000

mayhew north america equal area proxy source 1068
10.000000 -175.000000 2.000000 2.000000 400.000000 36 66
1 1 1 1
0.1 1.50 -2.0 2.0 0.080
2 1 7.500000000e-01 -47.112024 37.857143
0 1 1 0.0 0.0
63.000000 61.000000 -140.000000 -144.285714 0.000000 40.000000

mayhew north america equal area proxy source 1069
10.000000 -175.000000 2.000000 2.000000 400.000000 36 66
1 1 1 1
0.1 1.50 -2.0 2.0 0.080
2 1 7.500000000e-01 -47.112024 42.142857
0 1 1 0.0 0.0
63.000000 61.000000 -135.714286 -140.000000 0.000000 40.000000

mayhew north america equal area proxy source 1070
10.000000 -175.000000 2.000000 2.000000 400.000000 36 66
1 1 1 1
0.1 1.50 -2.0 2.0 0.080
2 1 7.500000000e-01 -47.112024 46.428571
0 1 1 0.0 0.0
63.000000 61.000000 -131.428571 -135.714286 0.000000 40.000000

mayhew north america equal area proxy source 1071
10.000000 -175.000000 2.000000 2.000000 400.000000 36 66
1 1 1 1
0.1 1.50 -2.0 2.0 0.080
2 1 7.500000000e-01 -47.112024 50.714286
0 1 1 0.0 0.0
63.000000 61.000000 -127.142857 -131.428571 0.000000 40.000000

mayhew north america equal area proxy source 1072
10.000000 -175.000000 2.000000 2.000000 400.000000 36 66
1 1 1 1
0.1 1.50 -2.0 2.0 0.080
2 1 1.600000000e+00 -47.112024 55.000000
0 1 1 0.0 0.0
63.000000 61.000000 -122.857143 -127.142857 0.000000 40.000000

mayhew north america equal area proxy source 1073
10.000000 -175.000000 2.000000 2.000000 400.000000 36 66
1 1 1 1
0.1 1.50 -2.0 2.0 0.080
2 1 1.600000000e+00 -47.112024 59.285714
0 1 1 0.0 0.0
63.000000 61.000000 -118.571429 -122.857143 0.000000 40.000000

mayhew north america equal area proxy source 1074
10.000000 -175.000000 2.000000 2.000000 400.000000 36 66
1 1 1 1
0.1 1.50 -2.0 2.0 0.080
2 1 1.600000000e+00 -47.112024 63.571429
0 1 1 0.0 0.0
63.000000 61.000000 -114.285714 -118.571429 0.000000 40.000000

mayhew north america equal area proxy source 1075
10.000000 -175.000000 2.000000 2.000000 400.000000 36 66
1 1 1 1
0.1 1.50 -2.0 2.0 0.080
2 1 1.600000000e+00 -47.112024 67.857143
0 1 1 0.0 0.0
63.000000 61.000000 -110.000000 -114.285714 0.000000 40.000000

mayhew north america equal area proxy source 1076
10.000000 -175.000000 2.000000 2.000000 400.000000 36 66
1 1 1 1
0.1 1.50 -2.0 2.0 0.080
2 1 2.500000000e+00 -47.112024 72.142857
0 1 1 0.0 0.0
63.000000 61.000000 -105.714286 -110.000000 0.000000 40.000000

mayhew north america equal area proxy source 1077
10.000000 -175.000000 2.000000 2.000000 400.000000 36 66
1 1 1 1
0.1 1.50 -2.0 2.0 0.080
2 1 2.500000000e+00 -47.112024 76.428571
0 1 1 0.0 0.0
63.000000 61.000000 -101.428571 -105.714286 0.000000 40.000000

mayhew north america equal area proxy source 1078
10.000000 -175.000000 2.000000 2.000000 400.000000 36 66
1 1 1 1
0.1 1.50 -2.0 2.0 0.080
2 1 2.500000000e+00 -47.112024 80.714286
0 1 1 0.0 0.0
63.000000 61.000000 -97.142857 -101.428571 0.000000 40.000000

mayhew north america equal area proxy source 1079
10.000000 -175.000000 2.000000 2.000000 400.000000 36 66
1 1 1 1
0.1 1.50 -2.0 2.0 0.080
2 1 2.500000000e+00 -47.112024 85.000000
0 1 1 0.0 0.0
63.000000 61.000000 -92.857143 -97.142857 0.000000 40.000000

mayhew north america equal area proxy source 1080
10.000000 -175.000000 2.000000 2.000000 400.000000 36 66
1 1 1 1
0.1 1.50 -2.0 2.0 0.080
2 1 2.500000000e+00 -47.112024 89.285714
0 1 1 0.0 0.0
63.000000 61.000000 -88.571429 -92.857143 0.000000 40.000000

mayhew north america equal area proxy source 1081
10.000000 -175.000000 2.000000 2.000000 400.000000 36 66
1 1 1 1
0.1 1.50 -2.0 2.0 0.080
2 1 2.500000000e+00 -47.112024 93.571429
0 1 1 0.0 0.0
63.000000 61.000000 -84.285714 -88.571429 0.000000 40.000000

mayhew north america equal area proxy source 1082
10.000000 -175.000000 2.000000 2.000000 400.000000 36 66
1 1 1 1
0.1 1.50 -2.0 2.0 0.080
2 1 2.500000000e+00 -47.112024 97.857143
0 1 1 0.0 0.0
63.000000 61.000000 -80.000000 -84.285714 0.000000 40.000000

mayhew north america equal area proxy source 1083
10.000000 -175.000000 2.000000 2.000000 400.000000 36 66
1 1 1 1
0.1 1.50 -2.0 2.0 0.080
2 1 2.500000000e+00 -47.112024 102.142857
0 1 1 0.0 0.0
63.000000 61.000000 -75.714286 -80.000000 0.000000 40.000000

mayhew north america equal area proxy source 1084
10.000000 -175.000000 2.000000 2.000000 400.000000 36 66
1 1 1 1
0.1 1.50 -2.0 2.0 0.080
2 1 1.600000000e+00 -47.112024 106.428571
0 1 1 0.0 0.0
63.000000 61.000000 -71.428571 -75.714286 0.000000 40.000000

mayhew north america equal area proxy source 1085
10.000000 -175.000000 2.000000 2.000000 400.000000 36 66
1 1 1 1
0.1 1.50 -2.0 2.0 0.080
2 1 1.600000000e+00 -47.112024 110.714286
0 1 1 0.0 0.0
63.000000 61.000000 -67.142857 -71.428571 0.000000 40.000000

mayhew north america equal area proxy source 1086
10.000000 -175.000000 2.000000 2.000000 400.000000 36 66
1 1 1 1
0.1 1.50 -2.0 2.0 0.080
2 1 1.600000000e+00 -47.112024 115.000000
0 1 1 0.0 0.0
63.000000 61.000000 -62.857143 -67.142857 0.000000 40.000000

mayhew north america equal area proxy source 1087
10.000000 -175.000000 2.000000 2.000000 400.000000 36 66
1 1 1 1
0.1 1.50 -2.0 2.0 0.080
2 1 1.600000000e+00 -47.112024 119.285714
0 1 1 0.0 0.0
63.000000 61.000000 -58.571429 -62.857143 0.000000 40.000000

mayhew north america equal area proxy source 1088
10.000000 -175.000000 2.000000 2.000000 400.000000 36 66
1 1 1 1
0.1 1.50 -2.0 2.0 0.080
2 1 1.600000000e+00 -47.112024 123.571429
0 1 1 0.0 0.0
63.000000 61.000000 -54.285714 -58.571429 0.000000 40.000000

mayhew north america equal area proxy source 1089
10.000000 -175.000000 2.000000 2.000000 400.000000 36 66
1 1 1 1
0.1 1.50 -2.0 2.0 0.080
2 1 7.500000000e-01 -47.112024 127.857143
0 1 1 0.0 0.0
63.000000 61.000000 -50.000000 -54.285714 0.000000 40.000000

mayhew north america equal area proxy source 1090
10.000000 -175.000000 2.000000 2.000000 400.000000 36 66
1 1 1 1
0.1 1.50 -2.0 2.0 0.080
2 1 7.500000000e-01 -50.294994 12.307692
0 1 1 0.0 0.0
65.000000 63.000000 -165.384615 -170.000000 0.000000 40.000000

mayhew north america equal area proxy source 1091
10.000000 -175.000000 2.000000 2.000000 400.000000 36 66
1 1 1 1
0.1 1.50 -2.0 2.0 0.080
2 1 7.500000000e-01 -50.294994 16.923077
0 1 1 0.0 0.0
65.000000 63.000000 -160.769231 -165.384615 0.000000 40.000000

mayhew north america equal area proxy source 1092
10.000000 -175.000000 2.000000 2.000000 400.000000 36 66
1 1 1 1
0.1 1.50 -2.0 2.0 0.080
2 1 7.500000000e-01 -50.294994 21.538462
0 1 1 0.0 0.0
65.000000 63.000000 -156.153846 -160.769231 0.000000 40.000000

mayhew north america equal area proxy source 1093
10.000000 -175.000000 2.000000 2.000000 400.000000 36 66
1 1 1 1
0.1 1.50 -2.0 2.0 0.080
2 1 7.500000000e-01 -50.294994 26.153846
0 1 1 0.0 0.0
65.000000 63.000000 -151.538462 -156.153846 0.000000 40.000000

mayhew north america equal area proxy source 1094
10.000000 -175.000000 2.000000 2.000000 400.000000 36 66
1 1 1 1
0.1 1.50 -2.0 2.0 0.080
2 1 7.500000000e-01 -50.294994 30.769231
0 1 1 0.0 0.0
65.000000 63.000000 -146.923077 -151.538462 0.000000 40.000000

mayhew north america equal area proxy source 1095
10.000000 -175.000000 2.000000 2.000000 400.000000 36 66
1 1 1 1
0.1 1.50 -2.0 2.0 0.080
2 1 7.500000000e-01 -50.294994 35.384615
0 1 1 0.0 0.0
65.000000 63.000000 -142.307692 -146.923077 0.000000 40.000000

mayhew north america equal area proxy source 1096
10.000000 -175.000000 2.000000 2.000000 400.000000 36 66
1 1 1 1
0.1 1.50 -2.0 2.0 0.080
2 1 7.500000000e-01 -50.294994 40.000000
0 1 1 0.0 0.0
65.000000 63.000000 -137.692308 -142.307692 0.000000 40.000000

mayhew north america equal area proxy source 1097
10.000000 -175.000000 2.000000 2.000000 400.000000 36 66
1 1 1 1
0.1 1.50 -2.0 2.0 0.080
2 1 7.500000000e-01 -50.294994 44.615385
0 1 1 0.0 0.0
65.000000 63.000000 -133.076923 -137.692308 0.000000 40.000000

mayhew north america equal area proxy source 1098
10.000000 -175.000000 2.000000 2.000000 400.000000 36 66
1 1 1 1
0.1 1.50 -2.0 2.0 0.080
2 1 7.500000000e-01 -50.294994 49.230769
0 1 1 0.0 0.0
65.000000 63.000000 -128.461538 -133.076923 0.000000 40.000000

mayhew north america equal area proxy source 1099
10.000000 -175.000000 2.000000 2.000000 400.000000 36 66
1 1 1 1
0.1 1.50 -2.0 2.0 0.080
2 1 7.500000000e-01 -50.294994 53.846154
0 1 1 0.0 0.0
65.000000 63.000000 -123.846154 -128.461538 0.000000 40.000000

mayhew north america equal area proxy source 1100
10.000000 -175.000000 2.000000 2.000000 400.000000 36 66
1 1 1 1
0.1 1.50 -2.0 2.0 0.080
2 1 1.600000000e+00 -50.294994 58.461538
0 1 1 0.0 0.0
65.000000 63.000000 -119.230769 -123.846154 0.000000 40.000000

mayhew north america equal area proxy source 1101
10.000000 -175.000000 2.000000 2.000000 400.000000 36 66
1 1 1 1
0.1 1.50 -2.0 2.0 0.080
2 1 1.600000000e+00 -50.294994 63.076923
0 1 1 0.0 0.0
65.000000 63.000000 -114.615385 -119.230769 0.000000 40.000000

mayhew north america equal area proxy source 1102
10.000000 -175.000000 2.000000 2.000000 400.000000 36 66
1 1 1 1
0.1 1.50 -2.0 2.0 0.080
2 1 1.600000000e+00 -50.294994 67.692308
0 1 1 0.0 0.0
65.000000 63.000000 -110.000000 -114.615385 0.000000 40.000000

mayhew north america equal area proxy source 1103
10.000000 -175.000000 2.000000 2.000000 400.000000 36 66
1 1 1 1
0.1 1.50 -2.0 2.0 0.080
2 1 1.600000000e+00 -50.294994 72.307692
0 1 1 0.0 0.0
65.000000 63.000000 -105.384615 -110.000000 0.000000 40.000000

mayhew north america equal area proxy source 1104
10.000000 -175.000000 2.000000 2.000000 400.000000 36 66
1 1 1 1
0.1 1.50 -2.0 2.0 0.080
2 1 1.600000000e+00 -50.294994 76.923077
0 1 1 0.0 0.0
65.000000 63.000000 -100.769231 -105.384615 0.000000 40.000000

mayhew north america equal area proxy source 1105
10.000000 -175.000000 2.000000 2.000000 400.000000 36 66
1 1 1 1
0.1 1.50 -2.0 2.0 0.080
2 1 1.600000000e+00 -50.294994 81.538462
0 1 1 0.0 0.0
65.000000 63.000000 -96.153846 -100.769231 0.000000 40.000000

mayhew north america equal area proxy source 1106
10.000000 -175.000000 2.000000 2.000000 400.000000 36 66
1 1 1 1
0.1 1.50 -2.0 2.0 0.080
2 1 1.600000000e+00 -50.294994 86.153846
0 1 1 0.0 0.0
65.000000 63.000000 -91.538462 -96.153846 0.000000 40.000000

mayhew north america equal area proxy source 1107
10.000000 -175.000000 2.000000 2.000000 400.000000 36 66
1 1 1 1
0.1 1.50 -2.0 2.0 0.080
2 1 1.600000000e+00 -50.294994 90.769231
0 1 1 0.0 0.0
65.000000 63.000000 -86.923077 -91.538462 0.000000 40.000000

mayhew north america equal area proxy source 1108
10.000000 -175.000000 2.000000 2.000000 400.000000 36 66
1 1 1 1
0.1 1.50 -2.0 2.0 0.080
2 1 1.600000000e+00 -50.294994 95.384615
0 1 1 0.0 0.0
65.000000 63.000000 -82.307692 -86.923077 0.000000 40.000000

mayhew north america equal area proxy source 1109
10.000000 -175.000000 2.000000 2.000000 400.000000 36 66
1 1 1 1
0.1 1.50 -2.0 2.0 0.080
2 1 1.600000000e+00 -50.294994 100.000000
0 1 1 0.0 0.0
65.000000 63.000000 -77.692308 -82.307692 0.000000 40.000000

mayhew north america equal area proxy source 1110
10.000000 -175.000000 2.000000 2.000000 400.000000 36 66
1 1 1 1
0.1 1.50 -2.0 2.0 0.080
2 1 1.600000000e+00 -50.294994 104.615385
0 1 1 0.0 0.0
65.000000 63.000000 -73.076923 -77.692308 0.000000 40.000000

mayhew north america equal area proxy source 1111
10.000000 -175.000000 2.000000 2.000000 400.000000 36 66
1 1 1 1
0.1 1.50 -2.0 2.0 0.080
2 1 1.600000000e+00 -50.294994 109.230769
0 1 1 0.0 0.0
65.000000 63.000000 -68.461538 -73.076923 0.000000 40.000000

mayhew north america equal area proxy source 1112
10.000000 -175.000000 2.000000 2.000000 400.000000 36 66
1 1 1 1
0.1 1.50 -2.0 2.0 0.080
2 1 1.600000000e+00 -50.294994 113.846154
0 1 1 0.0 0.0
65.000000 63.000000 -63.846154 -68.461538 0.000000 40.000000

mayhew north america equal area proxy source 1113
10.000000 -175.000000 2.000000 2.000000 400.000000 36 66
1 1 1 1
0.1 1.50 -2.0 2.0 0.080
2 1 1.600000000e+00 -50.294994 118.461538
0 1 1 0.0 0.0
65.000000 63.000000 -59.230769 -63.846154 0.000000 40.000000

mayhew north america equal area proxy source 1114
10.000000 -175.000000 2.000000 2.000000 400.000000 36 66
1 1 1 1
0.1 1.50 -2.0 2.0 0.080
2 1 1.600000000e+00 -50.294994 123.076923
0 1 1 0.0 0.0
65.000000 63.000000 -54.615385 -59.230769 0.000000 40.000000

mayhew north america equal area proxy source 1115
10.000000 -175.000000 2.000000 2.000000 400.000000 36 66
1 1 1 1
0.1 1.50 -2.0 2.0 0.080
2 1 7.500000000e-01 -50.294994 127.692308
0 1 1 0.0 0.0
65.000000 63.000000 -50.000000 -54.615385 0.000000 40.000000

mayhew north america equal area proxy source 1116
10.000000 -175.000000 2.000000 2.000000 400.000000 36 66
1 1 1 1
0.1 1.50 -2.0 2.0 0.080
2 1 7.500000000e-01 -53.449784 12.500000
0 1 1 0.0 0.0
67.000000 65.000000 -165.000000 -170.000000 0.000000 40.000000

mayhew north america equal area proxy source 1117
10.000000 -175.000000 2.000000 2.000000 400.000000 36 66
1 1 1 1
0.1 1.50 -2.0 2.0 0.080
2 1 7.500000000e-01 -53.449784 17.500000
0 1 1 0.0 0.0
67.000000 65.000000 -160.000000 -165.000000 0.000000 40.000000

mayhew north america equal area proxy source 1118
10.000000 -175.000000 2.000000 2.000000 400.000000 36 66
1 1 1 1
0.1 1.50 -2.0 2.0 0.080
2 1 7.500000000e-01 -53.449784 22.500000
0 1 1 0.0 0.0
67.000000 65.000000 -155.000000 -160.000000 0.000000 40.000000

mayhew north america equal area proxy source 1119
10.000000 -175.000000 2.000000 2.000000 400.000000 36 66
1 1 1 1
0.1 1.50 -2.0 2.0 0.080
2 1 7.500000000e-01 -53.449784 27.500000
0 1 1 0.0 0.0
67.000000 65.000000 -150.000000 -155.000000 0.000000 40.000000

mayhew north america equal area proxy source 1120
10.000000 -175.000000 2.000000 2.000000 400.000000 36 66
1 1 1 1
0.1 1.50 -2.0 2.0 0.080
2 1 7.500000000e-01 -53.449784 32.500000
0 1 1 0.0 0.0
67.000000 65.000000 -145.000000 -150.000000 0.000000 40.000000

mayhew north america equal area proxy source 1121
10.000000 -175.000000 2.000000 2.000000 400.000000 36 66
1 1 1 1
0.1 1.50 -2.0 2.0 0.080
2 1 7.500000000e-01 -53.449784 37.500000
0 1 1 0.0 0.0
67.000000 65.000000 -140.000000 -145.000000 0.000000 40.000000

mayhew north america equal area proxy source 1122
10.000000 -175.000000 2.000000 2.000000 400.000000 36 66
1 1 1 1
0.1 1.50 -2.0 2.0 0.080
2 1 7.500000000e-01 -53.449784 42.500000
0 1 1 0.0 0.0
67.000000 65.000000 -135.000000 -140.000000 0.000000 40.000000

mayhew north america equal area proxy source 1123
10.000000 -175.000000 2.000000 2.000000 400.000000 36 66
1 1 1 1
0.1 1.50 -2.0 2.0 0.080
2 1 7.500000000e-01 -53.449784 47.500000
0 1 1 0.0 0.0
67.000000 65.000000 -130.000000 -135.000000 0.000000 40.000000

mayhew north america equal area proxy source 1124
10.000000 -175.000000 2.000000 2.000000 400.000000 36 66
1 1 1 1
0.1 1.50 -2.0 2.0 0.080
2 1 7.500000000e-01 -53.449784 52.500000
0 1 1 0.0 0.0
67.000000 65.000000 -125.000000 -130.000000 0.000000 40.000000

mayhew north america equal area proxy source 1125
10.000000 -175.000000 2.000000 2.000000 400.000000 36 66
1 1 1 1
0.1 1.50 -2.0 2.0 0.080
2 1 1.600000000e+00 -53.449784 57.500000
0 1 1 0.0 0.0
67.000000 65.000000 -120.000000 -125.000000 0.000000 40.000000

mayhew north america equal area proxy source 1126
10.000000 -175.000000 2.000000 2.000000 400.000000 36 66
1 1 1 1
0.1 1.50 -2.0 2.0 0.080
2 1 1.600000000e+00 -53.449784 62.500000
0 1 1 0.0 0.0
67.000000 65.000000 -115.000000 -120.000000 0.000000 40.000000

mayhew north america equal area proxy source 1127
10.000000 -175.000000 2.000000 2.000000 400.000000 36 66
1 1 1 1
0.1 1.50 -2.0 2.0 0.080
2 1 1.600000000e+00 -53.449784 67.500000
0 1 1 0.0 0.0
67.000000 65.000000 -110.000000 -115.000000 0.000000 40.000000

mayhew north america equal area proxy source 1128
10.000000 -175.000000 2.000000 2.000000 400.000000 36 66
1 1 1 1
0.1 1.50 -2.0 2.0 0.080
2 1 1.600000000e+00 -53.449784 72.500000
0 1 1 0.0 0.0
67.000000 65.000000 -105.000000 -110.000000 0.000000 40.000000

mayhew north america equal area proxy source 1129
10.000000 -175.000000 2.000000 2.000000 400.000000 36 66
1 1 1 1
0.1 1.50 -2.0 2.0 0.080
2 1 1.600000000e+00 -53.449784 77.500000
0 1 1 0.0 0.0
67.000000 65.000000 -100.000000 -105.000000 0.000000 40.000000

mayhew north america equal area proxy source 1130
10.000000 -175.000000 2.000000 2.000000 400.000000 36 66
1 1 1 1
0.1 1.50 -2.0 2.0 0.080
2 1 1.600000000e+00 -53.449784 82.500000
0 1 1 0.0 0.0
67.000000 65.000000 -95.000000 -100.000000 0.000000 40.000000

mayhew north america equal area proxy source 1131
10.000000 -175.000000 2.000000 2.000000 400.000000 36 66
1 1 1 1
0.1 1.50 -2.0 2.0 0.080
2 1 1.600000000e+00 -53.449784 87.500000
0 1 1 0.0 0.0
67.000000 65.000000 -90.000000 -95.000000 0.000000 40.000000

mayhew north america equal area proxy source 1132
10.000000 -175.000000 2.000000 2.000000 400.000000 36 66
1 1 1 1
0.1 1.50 -2.0 2.0 0.080
2 1 1.600000000e+00 -53.449784 92.500000
0 1 1 0.0 0.0
67.000000 65.000000 -85.000000 -90.000000 0.000000 40.000000

mayhew north america equal area proxy source 1133
10.000000 -175.000000 2.000000 2.000000 400.000000 36 66
1 1 1 1
0.1 1.50 -2.0 2.0 0.080
2 1 1.600000000e+00 -53.449784 97.500000
0 1 1 0.0 0.0
67.000000 65.000000 -80.000000 -85.000000 0.000000 40.000000

mayhew north america equal area proxy source 1134
10.000000 -175.000000 2.000000 2.000000 400.000000 36 66
1 1 1 1
0.1 1.50 -2.0 2.0 0.080
2 1 1.600000000e+00 -53.449784 102.500000
0 1 1 0.0 0.0
67.000000 65.000000 -75.000000 -80.000000 0.000000 40.000000

mayhew north america equal area proxy source 1135
10.000000 -175.000000 2.000000 2.000000 400.000000 36 66
1 1 1 1
0.1 1.50 -2.0 2.0 0.080
2 1 1.600000000e+00 -53.449784 107.500000
0 1 1 0.0 0.0
67.000000 65.000000 -70.000000 -75.000000 0.000000 40.000000

mayhew north america equal area proxy source 1136
10.000000 -175.000000 2.000000 2.000000 400.000000 36 66
1 1 1 1
0.1 1.50 -2.0 2.0 0.080
2 1 1.600000000e+00 -53.449784 112.500000
0 1 1 0.0 0.0
67.000000 65.000000 -65.000000 -70.000000 0.000000 40.000000

mayhew north america equal area proxy source 1137
10.000000 -175.000000 2.000000 2.000000 400.000000 36 66
1 1 1 1
0.1 1.50 -2.0 2.0 0.080
2 1 1.600000000e+00 -53.449784 117.500000
0 1 1 0.0 0.0
67.000000 65.000000 -60.000000 -65.000000 0.000000 40.000000

mayhew north america equal area proxy source 1138
10.000000 -175.000000 2.000000 2.000000 400.000000 36 66
1 1 1 1
0.1 1.50 -2.0 2.0 0.080
2 1 1.600000000e+00 -53.449784 122.500000
0 1 1 0.0 0.0
67.000000 65.000000 -55.000000 -60.000000 0.000000 40.000000

mayhew north america equal area proxy source 1139
10.000000 -175.000000 2.000000 2.000000 400.000000 36 66
1 1 1 1
0.1 1.50 -2.0 2.0 0.080
2 1 7.500000000e-01 -53.449784 127.500000
0 1 1 0.0 0.0
67.000000 65.000000 -50.000000 -55.000000 0.000000 40.000000

mayhew north america equal area proxy source 1140
10.000000 -175.000000 2.000000 2.000000 400.000000 36 66
1 1 1 1
0.1 1.50 -2.0 2.0 0.080
2 1 7.500000000e-01 -56.579204 12.727273
0 1 1 0.0 0.0
69.000000 67.000000 -164.545455 -170.000000 0.000000 40.000000

mayhew north america equal area proxy source 1141
10.000000 -175.000000 2.000000 2.000000 400.000000 36 66
1 1 1 1
0.1 1.50 -2.0 2.0 0.080
2 1 7.500000000e-01 -56.579204 18.181818
0 1 1 0.0 0.0
69.000000 67.000000 -159.090909 -164.545455 0.000000 40.000000

mayhew north america equal area proxy source 1142
10.000000 -175.000000 2.000000 2.000000 400.000000 36 66
1 1 1 1
0.1 1.50 -2.0 2.0 0.080
2 1 7.500000000e-01 -56.579204 23.636364
0 1 1 0.0 0.0
69.000000 67.000000 -153.636364 -159.090909 0.000000 40.000000

mayhew north america equal area proxy source 1143
10.000000 -175.000000 2.000000 2.000000 400.000000 36 66
1 1 1 1
0.1 1.50 -2.0 2.0 0.080
2 1 7.500000000e-01 -56.579204 29.090909
0 1 1 0.0 0.0
69.000000 67.000000 -148.181818 -153.636364 0.000000 40.000000

mayhew north america equal area proxy source 1144
10.000000 -175.000000 2.000000 2.000000 400.000000 36 66
1 1 1 1
0.1 1.50 -2.0 2.0 0.080
2 1 7.500000000e-01 -56.579204 34.545455
0 1 1 0.0 0.0
69.000000 67.000000 -142.727273 -148.181818 0.000000 40.000000

mayhew north america equal area proxy source 1145
10.000000 -175.000000 2.000000 2.000000 400.000000 36 66
1 1 1 1
0.1 1.50 -2.0 2.0 0.080
2 1 7.500000000e-01 -56.579204 40.000000
0 1 1 0.0 0.0
69.000000 67.000000 -137.272727 -142.727273 0.000000 40.000000

mayhew north america equal area proxy source 1146
10.000000 -175.000000 2.000000 2.000000 400.000000 36 66
1 1 1 1
0.1 1.50 -2.0 2.0 0.080
2 1 7.500000000e-01 -56.579204 45.454545
0 1 1 0.0 0.0
69.000000 67.000000 -131.818182 -137.272727 0.000000 40.000000

mayhew north america equal area proxy source 1147
10.000000 -175.000000 2.000000 2.000000 400.000000 36 66
1 1 1 1
0.1 1.50 -2.0 2.0 0.080
2 1 7.500000000e-01 -56.579204 50.909091
0 1 1 0.0 0.0
69.000000 67.000000 -126.363636 -131.818182 0.000000 40.000000

mayhew north america equal area proxy source 1148
10.000000 -175.000000 2.000000 2.000000 400.000000 36 66
1 1 1 1
0.1 1.50 -2.0 2.0 0.080
2 1 1.600000000e+00 -56.579204 56.363636
0 1 1 0.0 0.0
69.000000 67.000000 -120.909091 -126.363636 0.000000 40.000000

mayhew north america equal area proxy source 1149
10.000000 -175.000000 2.000000 2.000000 400.000000 36 66
1 1 1 1
0.1 1.50 -2.0 2.0 0.080
2 1 1.600000000e+00 -56.579204 61.818182
0 1 1 0.0 0.0
69.000000 67.000000 -115.454545 -120.909091 0.000000 40.000000

mayhew north america equal area proxy source 1150
10.000000 -175.000000 2.000000 2.000000 400.000000 36 66
1 1 1 1
0.1 1.50 -2.0 2.0 0.080
2 1 1.600000000e+00 -56.579204 67.272727
0 1 1 0.0 0.0
69.000000 67.000000 -110.000000 -115.454545 0.000000 40.000000

mayhew north america equal area proxy source 1151
10.000000 -175.000000 2.000000 2.000000 400.000000 36 66
1 1 1 1
0.1 1.50 -2.0 2.0 0.080
2 1 1.600000000e+00 -56.579204 72.727273
0 1 1 0.0 0.0
69.000000 67.000000 -104.545455 -110.000000 0.000000 40.000000

mayhew north america equal area proxy source 1152
10.000000 -175.000000 2.000000 2.000000 400.000000 36 66
1 1 1 1
0.1 1.50 -2.0 2.0 0.080
2 1 1.600000000e+00 -56.579204 78.181818
0 1 1 0.0 0.0
69.000000 67.000000 -99.090909 -104.545455 0.000000 40.000000

mayhew north america equal area proxy source 1153
10.000000 -175.000000 2.000000 2.000000 400.000000 36 66
1 1 1 1
0.1 1.50 -2.0 2.0 0.080
2 1 1.600000000e+00 -56.579204 83.636364
0 1 1 0.0 0.0
69.000000 67.000000 -93.636364 -99.090909 0.000000 40.000000

mayhew north america equal area proxy source 1154
10.000000 -175.000000 2.000000 2.000000 400.000000 36 66
1 1 1 1
0.1 1.50 -2.0 2.0 0.080
2 1 1.600000000e+00 -56.579204 89.090909
0 1 1 0.0 0.0
69.000000 67.000000 -88.181818 -93.636364 0.000000 40.000000

mayhew north america equal area proxy source 1155
10.000000 -175.000000 2.000000 2.000000 400.000000 36 66
1 1 1 1
0.1 1.50 -2.0 2.0 0.080
2 1 1.600000000e+00 -56.579204 94.545455
0 1 1 0.0 0.0
69.000000 67.000000 -82.727273 -88.181818 0.000000 40.000000

mayhew north america equal area proxy source 1156
10.000000 -175.000000 2.000000 2.000000 400.000000 36 66
1 1 1 1
0.1 1.50 -2.0 2.0 0.080
2 1 1.600000000e+00 -56.579204 100.000000
0 1 1 0.0 0.0
69.000000 67.000000 -77.272727 -82.727273 0.000000 40.000000

mayhew north america equal area proxy source 1157
10.000000 -175.000000 2.000000 2.000000 400.000000 36 66
1 1 1 1
0.1 1.50 -2.0 2.0 0.080
2 1 1.600000000e+00 -56.579204 105.454545
0 1 1 0.0 0.0
69.000000 67.000000 -71.818182 -77.272727 0.000000 40.000000

mayhew north america equal area proxy source 1158
10.000000 -175.000000 2.000000 2.000000 400.000000 36 66
1 1 1 1
0.1 1.50 -2.0 2.0 0.080
2 1 1.600000000e+00 -56.579204 110.909091
0 1 1 0.0 0.0
69.000000 67.000000 -66.363636 -71.818182 0.000000 40.000000

mayhew north america equal area proxy source 1159
10.000000 -175.000000 2.000000 2.000000 400.000000 36 66
1 1 1 1
0.1 1.50 -2.0 2.0 0.080
2 1 1.600000000e+00 -56.579204 116.363636
0 1 1 0.0 0.0
69.000000 67.000000 -60.909091 -66.363636 0.000000 40.000000

mayhew north america equal area proxy source 1160
10.000000 -175.000000 2.000000 2.000000 400.000000 36 66
1 1 1 1
0.1 1.50 -2.0 2.0 0.080
2 1 1.600000000e+00 -56.579204 121.818182
0 1 1 0.0 0.0
69.000000 67.000000 -55.454545 -60.909091 0.000000 40.000000

mayhew north america equal area proxy source 1161
10.000000 -175.000000 2.000000 2.000000 400.000000 36 66
1 1 1 1
0.1 1.50 -2.0 2.0 0.080
2 1 7.500000000e-01 -56.579204 127.272727
0 1 1 0.0 0.0
69.000000 67.000000 -50.000000 -55.454545 0.000000 40.000000

mayhew north america equal area proxy source 1162
10.000000 -175.000000 2.000000 2.000000 400.000000 36 66
1 1 1 1
0.1 1.50 -2.0 2.0 0.080
2 1 7.500000000e-01 -59.685895 12.857143
0 1 1 0.0 0.0
71.000000 69.000000 -164.285714 -170.000000 0.000000 40.000000

mayhew north america equal area proxy source 1163
10.000000 -175.000000 2.000000 2.000000 400.000000 36 66
1 1 1 1
0.1 1.50 -2.0 2.0 0.080
2 1 7.500000000e-01 -59.685895 18.571429
0 1 1 0.0 0.0
71.000000 69.000000 -158.571429 -164.285714 0.000000 40.000000

mayhew north america equal area proxy source 1164
10.000000 -175.000000 2.000000 2.000000 400.000000 36 66
1 1 1 1
0.1 1.50 -2.0 2.0 0.080
2 1 7.500000000e-01 -59.685895 24.285714
0 1 1 0.0 0.0
71.000000 69.000000 -152.857143 -158.571429 0.000000 40.000000

mayhew north america equal area proxy source 1165
10.000000 -175.000000 2.000000 2.000000 400.000000 36 66
1 1 1 1
0.1 1.50 -2.0 2.0 0.080
2 1 7.500000000e-01 -59.685895 30.000000
0 1 1 0.0 0.0
71.000000 69.000000 -147.142857 -152.857143 0.000000 40.000000

mayhew north america equal area proxy source 1166
10.000000 -175.000000 2.000000 2.000000 400.000000 36 66
1 1 1 1
0.1 1.50 -2.0 2.0 0.080
2 1 7.500000000e-01 -59.685895 35.714286
0 1 1 0.0 0.0
71.000000 69.000000 -141.428571 -147.142857 0.000000 40.000000

mayhew north america equal area proxy source 1167
10.000000 -175.000000 2.000000 2.000000 400.000000 36 66
1 1 1 1
0.1 1.50 -2.0 2.0 0.080
2 1 7.500000000e-01 -59.685895 41.428571
0 1 1 0.0 0.0
71.000000 69.000000 -135.714286 -141.428571 0.000000 40.000000

mayhew north america equal area proxy source 1168
10.000000 -175.000000 2.000000 2.000000 400.000000 36 66
1 1 1 1
0.1 1.50 -2.0 2.0 0.080
2 1 7.500000000e-01 -59.685895 47.142857
0 1 1 0.0 0.0
71.000000 69.000000 -130.000000 -135.714286 0.000000 40.000000

mayhew north america equal area proxy source 1169
10.000000 -175.000000 2.000000 2.000000 400.000000 36 66
1 1 1 1
0.1 1.50 -2.0 2.0 0.080
2 1 7.500000000e-01 -59.685895 52.857143
0 1 1 0.0 0.0
71.000000 69.000000 -124.285714 -130.000000 0.000000 40.000000

mayhew north america equal area proxy source 1170
10.000000 -175.000000 2.000000 2.000000 400.000000 36 66
1 1 1 1
0.1 1.50 -2.0 2.0 0.080
2 1 1.600000000e+00 -59.685895 58.571429
0 1 1 0.0 0.0
71.000000 69.000000 -118.571429 -124.285714 0.000000 40.000000

mayhew north america equal area proxy source 1171
10.000000 -175.000000 2.000000 2.000000 400.000000 36 66
1 1 1 1
0.1 1.50 -2.0 2.0 0.080
2 1 1.600000000e+00 -59.685895 64.285714
0 1 1 0.0 0.0
71.000000 69.000000 -112.857143 -118.571429 0.000000 40.000000

mayhew north america equal area proxy source 1172
10.000000 -175.000000 2.000000 2.000000 400.000000 36 66
1 1 1 1
0.1 1.50 -2.0 2.0 0.080
2 1 1.600000000e+00 -59.685895 70.000000
0 1 1 0.0 0.0
71.000000 69.000000 -107.142857 -112.857143 0.000000 40.000000

mayhew north america equal area proxy source 1173
10.000000 -175.000000 2.000000 2.000000 400.000000 36 66
1 1 1 1
0.1 1.50 -2.0 2.0 0.080
2 1 1.600000000e+00 -59.685895 75.714286
0 1 1 0.0 0.0
71.000000 69.000000 -101.428571 -107.142857 0.000000 40.000000

mayhew north america equal area proxy source 1174
10.000000 -175.000000 2.000000 2.000000 400.000000 36 66
1 1 1 1
0.1 1.50 -2.0 2.0 0.080
2 1 1.600000000e+00 -59.685895 81.428571
0 1 1 0.0 0.0
71.000000 69.000000 -95.714286 -101.428571 0.000000 40.000000

mayhew north america equal area proxy source 1175
10.000000 -175.000000 2.000000 2.000000 400.000000 36 66
1 1 1 1
0.1 1.50 -2.0 2.0 0.080
2 1 1.600000000e+00 -59.685895 87.142857
0 1 1 0.0 0.0
71.000000 69.000000 -90.000000 -95.714286 0.000000 40.000000

mayhew north america equal area proxy source 1176
10.000000 -175.000000 2.000000 2.000000 400.000000 36 66
1 1 1 1
0.1 1.50 -2.0 2.0 0.080
2 1 1.600000000e+00 -59.685895 92.857143
0 1 1 0.0 0.0
71.000000 69.000000 -84.285714 -90.000000 0.000000 40.000000

mayhew north america equal area proxy source 1177
10.000000 -175.000000 2.000000 2.000000 400.000000 36 66
1 1 1 1
0.1 1.50 -2.0 2.0 0.080
2 1 1.600000000e+00 -59.685895 98.571429
0 1 1 0.0 0.0
71.000000 69.000000 -78.571429 -84.285714 0.000000 40.000000

mayhew north america equal area proxy source 1178
10.000000 -175.000000 2.000000 2.000000 400.000000 36 66
1 1 1 1
0.1 1.50 -2.0 2.0 0.080
2 1 1.600000000e+00 -59.685895 104.285714
0 1 1 0.0 0.0
71.000000 69.000000 -72.857143 -78.571429 0.000000 40.000000

mayhew north america equal area proxy source 1179
10.000000 -175.000000 2.000000 2.000000 400.000000 36 66
1 1 1 1
0.1 1.50 -2.0 2.0 0.080
2 1 1.600000000e+00 -59.685895 110.000000
0 1 1 0.0 0.0
71.000000 69.000000 -67.142857 -72.857143 0.000000 40.000000

mayhew north america equal area proxy source 1180
10.000000 -175.000000 2.000000 2.000000 400.000000 36 66
1 1 1 1
0.1 1.50 -2.0 2.0 0.080
2 1 1.600000000e+00 -59.685895 115.714286
0 1 1 0.0 0.0
71.000000 69.000000 -61.428571 -67.142857 0.000000 40.000000

mayhew north america equal area proxy source 1181
10.000000 -175.000000 2.000000 2.000000 400.000000 36 66
1 1 1 1
0.1 1.50 -2.0 2.0 0.080
2 1 1.600000000e+00 -59.685895 121.428571
0 1 1 0.0 0.0
71.000000 69.000000 -55.714286 -61.428571 0.000000 40.000000

mayhew north america equal area proxy source 1182
10.000000 -175.000000 2.000000 2.000000 400.000000 36 66
1 1 1 1
0.1 1.50 -2.0 2.0 0.080
2 1 7.500000000e-01 -59.685895 127.142857
0 1 1 0.0 0.0
71.000000 69.000000 -50.000000 -55.714286 0.000000 40.000000

mayhew north america equal area proxy source 1183
10.000000 -175.000000 2.000000 2.000000 400.000000 36 66
1 1 1 1
0.1 1.50 -2.0 2.0 0.080
2 1 7.500000000e-01 -62.772355 13.157895
0 1 1 0.0 0.0
73.000000 71.000000 -163.684211 -170.000000 0.000000 40.000000

mayhew north america equal area proxy source 1184
10.000000 -175.000000 2.000000 2.000000 400.000000 36 66
1 1 1 1
0.1 1.50 -2.0 2.0 0.080
2 1 7.500000000e-01 -62.772355 19.473684
0 1 1 0.0 0.0
73.000000 71.000000 -157.368421 -163.684211 0.000000 40.000000

mayhew north america equal area proxy source 1185
10.000000 -175.000000 2.000000 2.000000 400.000000 36 66
1 1 1 1
0.1 1.50 -2.0 2.0 0.080
2 1 7.500000000e-01 -62.772355 25.789474
0 1 1 0.0 0.0
73.000000 71.000000 -151.052632 -157.368421 0.000000 40.000000

mayhew north america equal area proxy source 1186
10.000000 -175.000000 2.000000 2.000000 400.000000 36 66
1 1 1 1
0.1 1.50 -2.0 2.0 0.080
2 1 7.500000000e-01 -62.772355 32.105263
0 1 1 0.0 0.0
73.000000 71.000000 -144.736842 -151.052632 0.000000 40.000000

mayhew north america equal area proxy source 1187
10.000000 -175.000000 2.000000 2.000000 400.000000 36 66
1 1 1 1
0.1 1.50 -2.0 2.0 0.080
2 1 7.500000000e-01 -62.772355 38.421053
0 1 1 0.0 0.0
73.000000 71.000000 -138.421053 -144.736842 0.000000 40.000000

mayhew north america equal area proxy source 1188
10.000000 -175.000000 2.000000 2.000000 400.000000 36 66
1 1 1 1
0.1 1.50 -2.0 2.0 0.080
2 1 7.500000000e-01 -62.772355 44.736842
0 1 1 0.0 0.0
73.000000 71.000000 -132.105263 -138.421053 0.000000 40.000000

mayhew north america equal area proxy source 1189
10.000000 -175.000000 2.000000 2.000000 400.000000 36 66
1 1 1 1
0.1 1.50 -2.0 2.0 0.080
2 1 7.500000000e-01 -62.772355 51.052632
0 1 1 0.0 0.0
73.000000 71.000000 -125.789474 -132.105263 0.000000 40.000000

mayhew north america equal area proxy source 1190
10.000000 -175.000000 2.000000 2.000000 400.000000 36 66
1 1 1 1
0.1 1.50 -2.0 2.0 0.080
2 1 1.600000000e+00 -62.772355 57.368421
0 1 1 0.0 0.0
73.000000 71.000000 -119.473684 -125.789474 0.000000 40.000000

mayhew north america equal area proxy source 1191
10.000000 -175.000000 2.000000 2.000000 400.000000 36 66
1 1 1 1
0.1 1.50 -2.0 2.0 0.080
2 1 1.600000000e+00 -62.772355 63.684211
0 1 1 0.0 0.0
73.000000 71.000000 -113.157895 -119.473684 0.000000 40.000000

mayhew north america equal area proxy source 1192
10.000000 -175.000000 2.000000 2.000000 400.000000 36 66
1 1 1 1
0.1 1.50 -2.0 2.0 0.080
2 1 1.600000000e+00 -62.772355 70.000000
0 1 1 0.0 0.0
73.000000 71.000000 -106.842105 -113.157895 0.000000 40.000000

mayhew north america equal area proxy source 1193
10.000000 -175.000000 2.000000 2.000000 400.000000 36 66
1 1 1 1
0.1 1.50 -2.0 2.0 0.080
2 1 1.600000000e+00 -62.772355 76.315789
0 1 1 0.0 0.0
73.000000 71.000000 -100.526316 -106.842105 0.000000 40.000000

mayhew north america equal area proxy source 1194
10.000000 -175.000000 2.000000 2.000000 400.000000 36 66
1 1 1 1
0.1 1.50 -2.0 2.0 0.080
2 1 1.600000000e+00 -62.772355 82.631579
0 1 1 0.0 0.0
73.000000 71.000000 -94.210526 -100.526316 0.000000 40.000000

mayhew north america equal area proxy source 1195
10.000000 -175.000000 2.000000 2.000000 400.000000 36 66
1 1 1 1
0.1 1.50 -2.0 2.0 0.080
2 1 1.600000000e+00 -62.772355 88.947368
0 1 1 0.0 0.0
73.000000 71.000000 -87.894737 -94.210526 0.000000 40.000000

mayhew north america equal area proxy source 1196
10.000000 -175.000000 2.000000 2.000000 400.000000 36 66
1 1 1 1
0.1 1.50 -2.0 2.0 0.080
2 1 1.600000000e+00 -62.772355 95.263158
0 1 1 0.0 0.0
73.000000 71.000000 -81.578947 -87.894737 0.000000 40.000000

mayhew north america equal area proxy source 1197
10.000000 -175.000000 2.000000 2.000000 400.000000 36 66
1 1 1 1
0.1 1.50 -2.0 2.0 0.080
2 1 1.600000000e+00 -62.772355 101.578947
0 1 1 0.0 0.0
73.000000 71.000000 -75.263158 -81.578947 0.000000 40.000000

mayhew north america equal area proxy source 1198
10.000000 -175.000000 2.000000 2.000000 400.000000 36 66
1 1 1 1
0.1 1.50 -2.0 2.0 0.080
2 1 1.600000000e+00 -62.772355 107.894737
0 1 1 0.0 0.0
73.000000 71.000000 -68.947368 -75.263158 0.000000 40.000000

mayhew north america equal area proxy source 1199
10.000000 -175.000000 2.000000 2.000000 400.000000 36 66
1 1 1 1
0.1 1.50 -2.0 2.0 0.080
2 1 1.600000000e+00 -62.772355 114.210526
0 1 1 0.0 0.0
73.000000 71.000000 -62.631579 -68.947368 0.000000 40.000000

mayhew north america equal area proxy source 1200
10.000000 -175.000000 2.000000 2.000000 400.000000 36 66
1 1 1 1
0.1 1.50 -2.0 2.0 0.080
2 1 1.600000000e+00 -62.772355 120.526316
0 1 1 0.0 0.0
73.000000 71.000000 -56.315789 -62.631579 0.000000 40.000000

mayhew north america equal area proxy source 1201
10.000000 -175.000000 2.000000 2.000000 400.000000 36 66
1 1 1 1
0.1 1.50 -2.0 2.0 0.080
2 1 7.500000000e-01 -62.772355 126.842105
0 1 1 0.0 0.0
73.000000 71.000000 -50.000000 -56.315789 0.000000 40.000000

mayhew north america equal area proxy source 1202
10.000000 -175.000000 2.000000 2.000000 400.000000 36 66
1 1 1 1
0.1 1.50 -2.0 2.0 0.080
2 1 7.500000000e-01 -65.840952 13.529412
0 1 1 0.0 0.0
75.000000 73.000000 -162.941176 -170.000000 0.000000 40.000000

mayhew north america equal area proxy source 1203
10.000000 -175.000000 2.000000 2.000000 400.000000 36 66
1 1 1 1
0.1 1.50 -2.0 2.0 0.080
2 1 7.500000000e-01 -65.840952 20.588235
0 1 1 0.0 0.0
75.000000 73.000000 -155.882353 -162.941176 0.000000 40.000000

mayhew north america equal area proxy source 1204
10.000000 -175.000000 2.000000 2.000000 400.000000 36 66
1 1 1 1
0.1 1.50 -2.0 2.0 0.080
2 1 7.500000000e-01 -65.840952 27.647059
0 1 1 0.0 0.0
75.000000 73.000000 -148.823529 -155.882353 0.000000 40.000000

mayhew north america equal area proxy source 1205
10.000000 -175.000000 2.000000 2.000000 400.000000 36 66
1 1 1 1
0.1 1.50 -2.0 2.0 0.080
2 1 7.500000000e-01 -65.840952 34.705882
0 1 1 0.0 0.0
75.000000 73.000000 -141.764706 -148.823529 0.000000 40.000000

mayhew north america equal area proxy source 1206
10.000000 -175.000000 2.000000 2.000000 400.000000 36 66
1 1 1 1
0.1 1.50 -2.0 2.0 0.080
2 1 7.500000000e-01 -65.840952 41.764706
0 1 1 0.0 0.0
75.000000 73.000000 -134.705882 -141.764706 0.000000 40.000000

mayhew north america equal area proxy source 1207
10.000000 -175.000000 2.000000 2.000000 400.000000 36 66
1 1 1 1
0.1 1.50 -2.0 2.0 0.080
2 1 7.500000000e-01 -65.840952 48.823529
0 1 1 0.0 0.0
75.000000 73.000000 -127.647059 -134.705882 0.000000 40.000000

mayhew north america equal area proxy source 1208
10.000000 -175.000000 2.000000 2.000000 400.000000 36 66
1 1 1 1
0.1 1.50 -2.0 2.0 0.080
2 1 1.600000000e+00 -65.840952 55.882353
0 1 1 0.0 0.0
75.000000 73.000000 -120.588235 -127.647059 0.000000 40.000000

mayhew north america equal area proxy source 1209
10.000000 -175.000000 2.000000 2.000000 400.000000 36 66
1 1 1 1
0.1 1.50 -2.0 2.0 0.080
2 1 1.600000000e+00 -65.840952 62.941176
0 1 1 0.0 0.0
75.000000 73.000000 -113.529412 -120.588235 0.000000 40.000000

mayhew north america equal area proxy source 1210
10.000000 -175.000000 2.000000 2.000000 400.000000 36 66
1 1 1 1
0.1 1.50 -2.0 2.0 0.080
2 1 1.600000000e+00 -65.840952 70.000000
0 1 1 0.0 0.0
75.000000 73.000000 -106.470588 -113.529412 0.000000 40.000000

mayhew north america equal area proxy source 1211
10.000000 -175.000000 2.000000 2.000000 400.000000 36 66
1 1 1 1
0.1 1.50 -2.0 2.0 0.080
2 1 1.600000000e+00 -65.840952 77.058824
0 1 1 0.0 0.0
75.000000 73.000000 -99.411765 -106.470588 0.000000 40.000000

mayhew north america equal area proxy source 1212
10.000000 -175.000000 2.000000 2.000000 400.000000 36 66
1 1 1 1
0.1 1.50 -2.0 2.0 0.080
2 1 1.600000000e+00 -65.840952 84.117647
0 1 1 0.0 0.0
75.000000 73.000000 -92.352941 -99.411765 0.000000 40.000000

mayhew north america equal area proxy source 1213
10.000000 -175.000000 2.000000 2.000000 400.000000 36 66
1 1 1 1
0.1 1.50 -2.0 2.0 0.080
2 1 1.600000000e+00 -65.840952 91.176471
0 1 1 0.0 0.0
75.000000 73.000000 -85.294118 -92.352941 0.000000 40.000000

mayhew north america equal area proxy source 1214
10.000000 -175.000000 2.000000 2.000000 400.000000 36 66
1 1 1 1
0.1 1.50 -2.0 2.0 0.080
2 1 1.600000000e+00 -65.840952 98.235294
0 1 1 0.0 0.0
75.000000 73.000000 -78.235294 -85.294118 0.000000 40.000000

mayhew north america equal area proxy source 1215
10.000000 -175.000000 2.000000 2.000000 400.000000 36 66
1 1 1 1
0.1 1.50 -2.0 2.0 0.080
2 1 1.600000000e+00 -65.840952 105.294118
0 1 1 0.0 0.0
75.000000 73.000000 -71.176471 -78.235294 0.000000 40.000000

mayhew north america equal area proxy source 1216
10.000000 -175.000000 2.000000 2.000000 400.000000 36 66
1 1 1 1
0.1 1.50 -2.0 2.0 0.080
2 1 1.600000000e+00 -65.840952 112.352941
0 1 1 0.0 0.0
75.000000 73.000000 -64.117647 -71.176471 0.000000 40.000000

mayhew north america equal area proxy source 1217
10.000000 -175.000000 2.000000 2.000000 400.000000 36 66
1 1 1 1
0.1 1.50 -2.0 2.0 0.080
2 1 1.600000000e+00 -65.840952 119.411765
0 1 1 0.0 0.0
75.000000 73.000000 -57.058824 -64.117647 0.000000 40.000000

mayhew north america equal area proxy source 1218
10.000000 -175.000000 2.000000 2.000000 400.000000 36 66
1 1 1 1
0.1 1.50 -2.0 2.0 0.080
2 1 7.500000000e-01 -65.840952 126.470588
0 1 1 0.0 0.0
75.000000 73.000000 -50.000000 -57.058824 0.000000 40.000000

